port_id,port_name,country_code,water_body,latitude,longitude
7950,Maurer,United States,North Atlantic Ocean,40.533333,-74.25
52235,Mangkasa Oil Terminal,Indonesia,Teluk Bone; Banda Sea; South Pacific Ocean,-2.733333,121.066667
47620,Iharana,Madagascar,Indian Ocean,-13.35,50
47360,Andoany,Madagascar,Mozambique Channel; Indian Ocean,-13.4,48.3
47020,Chake Chake,Tanzania,Indian Ocean,-5.25,39.766667
47005,Mjimwema Terminal,Tanzania,Indian Ocean,-6.816667,39.366667
57245,Forari Bay,Vanuatu,South Pacific Ocean,-17.683333,168.55
56820,Kokopo,Papua New Guinea,Bismarck Sea; South Pacific Ocean,-4.333333,152.266667
56710,Longan Island,Papua New Guinea,South Pacific Ocean,-1.216667,144.3
56660,Malakal Harbor,Palau,North Pacific Ocean,7.333333,134.45
56630,Colonia,Federated States of Micronesia,North Pacific Ocean,9.516667,138.133333
56600,Moen,Federated States of Micronesia,North Pacific Ocean,7.433333,151.833333
56570,Lele Harbor,Federated States of Micronesia,North Pacific Ocean,5.333333,163.033333
44804,Delta Terminal,Turkey,Mediterranean Sea; North Atlantic Ocean,36.85,36.166667
50350,Cinta Oil Terminal,Indonesia,"Indian Ocean, Java Sea; South Pacific Ocean",-5.5,106.233333
4000,Port Severn,Canada,Lake Huron; Great Lakes,44.8,-79.716667
38330,Europa Point,Gibraltar,Strait of Gibraltar; North Atlantic Ocean,36.133333,-5.35
56945,Queen Carola Harbor,Papua New Guinea,Solomon Sea; South Pacific Ocean,-5.166667,154.55
7010,New Harbor,United States,North Atlantic Ocean,43.866667,-69.483333
5980,Little Bras D Or,Canada,North Atlantic Ocean,46.25,-60.3
53020,Tg. Sorong,Indonesia,South Pacific Ocean,-0.883333,131.233333
4950,Depere,United States,Lake Michigan; Great Lakes,44.45,-88.066667
4630,Leland,United States,Lake Michigan; Great Lakes,45.016667,-85.766667
20940,Bredvik,Norway,Norwegian Sea; North Atlantic Ocean,70.583333,22.133333
19880,Lazy Bay,United States,North Pacific Ocean,56.9,-154.25
12900,Dtse / Gegua Oil Terminal,Brazil,South Atlantic Ocean,-22.816667,-43.15
48104,Sharmah,Saudi Arabia,Red Sea; Indian Ocean,27.933333,35.25
9210,Norsworthy,United States,Gulf of Mexico; North Atlantic Ocean,29.733333,-95.2
8400,Bayboro,United States,North Atlantic Ocean,35.15,-76.766667
4240,Hilton,Canada,Lake Huron; Great Lakes,46.25,-83.883333
4160,Kagawong,Canada,Lake Huron; Great Lakes,45.916667,-82.25
3130,Chaumont,United States,Lake Ontario; Great Lakes,44.066667,-76.133333
20000,Kanatak,United States,North Pacific Ocean,57.566667,-156.033333
5520,Douglastown,Canada,Gulf of Saint Lawrence; North Atlantic Ocean,48.766667,-64.383333
28615,Lielupe,Latvia,Gulf of Riga; Baltic Sea; North Atlantic Ocean,57,23.433333
19630,Katalla,United States,Gulf of Alaska; North Pacific Ocean,60.2,-144.533333
6750,Minturn,United States,North Atlantic Ocean,44.15,-68.45
6820,Criehaven,United States,North Atlantic Ocean,43.833333,-68.883333
29800,Aeroskobing,Denmark,Baltic Sea; North Atlantic Ocean,54.883333,10.416667
43950,Kyrylivka,Ukraine,Sea of Azov; Black Sea; North Atlantic Ocean,46.35,35.366667
46691,North Point,"Saint Helena, Ascension, and Tristan da Cunha",South Atlantic Ocean,-7.883333,-14.366667
57433,Bongkot Terminal,Thailand,Gulf of Thailand; South China Sea; North Pacific Ocean,8.05,102.333333
52350,Donggala,Indonesia,Makassar Strait; South Pacific Ocean,-0.65,119.733333
3790,Lions Head,Canada,Lake Huron; Great Lakes,44.983333,-81.25
4150,Honora,Canada,Lake Huron; Great Lakes,45.866667,-82.166667
23300,Meling,Norway,North Sea; North Atlantic Ocean,59.783333,5.116667
23107,Bud,Norway,Norwegian Sea; North Atlantic Ocean,62.9,6.916667
23455,Espevaer,Norway,North Sea; North Atlantic Ocean,59.583333,5.15
19970,Bear Island,United States,Gulf of Alaska; North Pacific Ocean,58.45,-152.683333
20270,Koggiung,United States,Bristol Bay; Bering Sea; North Pacific Ocean,58.966667,-156.916667
20350,Hamilton,United States,Bering Sea; North Pacific Ocean,62.9,-163.916667
5150,Gargantua,Canada,Lake Superior; Great Lakes,47.566667,-84.966667
42415,Larimna,Greece,Aegean Sea; Mediterranean Sea; North Atlantic Ocean,38.566667,23.283333
31895,Bird Port,United Kingdom,Bristol Channel; North Atlantic Ocean,51.566667,-2.966667
38420,Hornillo,Spain,Mediterranean Sea; North Atlantic Ocean,37.4,-1.55
40245,Melilli Oil Terminal,Italy,Mediterranean Sea; North Atlantic Ocean,37.116667,15.25
43940,Henichesk,Ukraine,Sea of Azov; Black Sea; North Atlantic Ocean,46.166667,34.816667
48464,Barkan Oil-loading Terminal,Iran,Persian Gulf; Indian Ocean,29.733333,50.166667
55500,Kingston,Norfolk Island,South Pacific Ocean,-29.066667,167.95
51290,Labuhanhaji,Indonesia,Indian Ocean,-8.7,116.566667
57415,Kirteh Oil Terminal,Malaysia,South China Sea; North Pacific Ocean,4.566667,103.466667
47942,Al Khair Oil Terminal,Sudan,Red Sea; Indian Ocean,19.583333,37.25
18915,Bella Bella,Canada,Alaska-Canada coastal waters; North Pacific Ocean,52.166667,-128.15
19290,Fishermans Harbor,United States,Alaska-Canada coastal waters; North Pacific Ocean,55.966667,-133.8
5970,Grand Narrows,Canada,North Atlantic Ocean,45.95,-60.783333
6670,Corea,United States,North Atlantic Ocean,44.4,-67.966667
7315,Hyannis Port,United States,North Atlantic Ocean,41.633333,-70.3
58630,Laoang,Philippines,Philippine inland seas; North Pacific Ocean,12.566667,125.016667
59550,Margosatubig,Philippines,Celebes Sea; North Pacific Ocean,7.583333,123.166667
60720,Bukhta Gaydamak,Russia,Sea of Japan; North Pacific Ocean,42.866667,132.683333
4720,Saugatuck,United States,Lake Michigan; Great Lakes,42.666667,-86.2
19930,Dry Spruce Bay,United States,Gulf of Alaska; North Pacific Ocean,57.933333,-153.033333
19980,Hogg Island,United States,Gulf of Alaska; North Pacific Ocean,58.466667,-152.683333
20410,Grantley Harbor,United States,Bering Sea; North Pacific Ocean,65.266667,-166.333333
5070,Nahma,United States,Lake Michigan; Great Lakes,45.833333,-86.666667
44270,Adler,Russia,Black Sea; North Atlantic Ocean,43.433333,39.933333
45635,Arzew El Djedid,Algeria,Mediterranean Sea; North Atlantic Ocean,35.816667,-0.25
45822,Karabane,Senegal,North Atlantic Ocean,12.566667,-16.666667
46335,Ceiba Terminal,Equatorial Guinea,Gulf of Guinea; North Atlantic Ocean,1.416667,9.233333
46710,Edinburgh Of The Seven Seas,"Saint Helena, Ascension, and Tristan da Cunha",South Atlantic Ocean,-37.05,-12.3
14175,Caleta Mina Elena,Chile,South Pacific Ocean,-52.683333,-71.9
19100,Hidden Inlet,United States,Alaska-Canada coastal waters; North Pacific Ocean,54.95,-130.333333
19120,George Inlet,United States,Alaska-Canada coastal waters; North Pacific Ocean,55.383333,-131.466667
19200,Burnett Inlet,United States,Alaska-Canada coastal waters; North Pacific Ocean,56.066667,-132.466667
19600,Letnikof Cove,United States,Alaska-Canada coastal waters; North Pacific Ocean,59.183333,-135.4
19710,Crab Bay,United States,Gulf of Alaska; North Pacific Ocean,60.066667,-148
6970,Monhegan,United States,North Atlantic Ocean,43.766667,-69.316667
6710,Northeast Harbor,United States,North Atlantic Ocean,44.3,-68.283333
6800,Bucks Harbor,United States,North Atlantic Ocean,44.333333,-68.733333
6830,Matinicus,United States,North Atlantic Ocean,43.866667,-68.883333
43780,Balaklava,Ukraine,Black Sea; North Atlantic Ocean,44.5,33.6
43810,Alushta,Ukraine,Black Sea; North Atlantic Ocean,44.683333,34.416667
49460,Machilipatnam,India,Bay of Bengal; Indian Ocean,16.15,81.166667
49875,Malong Marine Terminal,Malaysia,South China Sea; North Pacific Ocean,4.633333,104.816667
63090,Admiralty Bay,Antarctica,Bransfield Strait; Drake Passage; South Atlantic Ocean,-62.083333,-58.416667
63110,Melchior Harbor,Antarctica,South Pacific Ocean,-64.316667,-63
7900,Grasselli,United States,North Atlantic Ocean,40.616667,-74.2
543,Kusanartoq,Greenland,North Atlantic Ocean,61.766667,-42.216667
2350,Carillon,Canada,Lake Ontario; Great Lakes,45.566667,-74.366667
4020,Depot Harbour,Canada,Lake Huron; Great Lakes,45.316667,-80.1
44807,Aksaz Limani,Turkey,Mediterranean Sea; North Atlantic Ocean,36.833333,28.383333
46239,Egina Oil Terminal,Nigeria,Gulf of Guinea; North Atlantic Ocean,3.066667,6.7
46452,Olowi Marine Terminal,Gabon,South Atlantic Ocean,-3.133333,10.216667
47625,Antsohim Bondrona,Madagascar,Mozambique Channel; Indian Ocean,-13.083333,48.833333
51780,Lingkas,Indonesia,Celebes Sea; North Pacific Ocean,3.283333,117.6
53195,Discovery Bay,Papua New Guinea,Solomon Sea; South Pacific Ocean,-10.416667,150.416667
55270,Collingwood,New Zealand,Tasman Sea; South Pacific Ocean,-40.683333,172.666667
56039,English Harbor,Kiribati,North Pacific Ocean,3.85,-159.366667
26990,Gumbodahamn,Sweden,Gulf of Bothnia; Baltic Sea; North Atlantic Ocean,64.233333,21.1
42180,Ayios Nikolaos,Greece,Aegean Sea; Mediterranean Sea; North Atlantic Ocean,37.983333,23.533333
43093,Akra Kavonisi,Greece,Aegean Sea; Mediterranean Sea; North Atlantic Ocean,35.516667,23.633333
43384,Borusan Fertilizer Jetty,Turkey,Sea of Marmara; Mediterranean Sea; North Atlantic Ocean,40.416667,29.1
60030,Ankingcheng,China,East China Sea; North Pacific Ocean,30.516667,117.033333
60350,Cheju Hang,South Korea,Yellow Sea; North Pacific Ocean,33.516667,126.533333
61110,Mombetsu Ko,Japan,Sea of Okhotsk; North Pacific Ocean,44.35,143.35
63070,Ellefsen Harbor,Antarctica,Scotia Sea; South Atlantic Ocean,-60.733333,-45.033333
63120,Andersen Harbor,Antarctica,South Pacific Ocean,-64.316667,-62.933333
19750,Latouche,United States,Gulf of Alaska; North Pacific Ocean,60.0505,-147.9042
11360,Baie Du Marigot,France,Caribbean Sea; North Atlantic Ocean,18.066667,-63.083333
11372,Coles Bay Oil Terminal,Sint Maarten,Caribbean Sea; North Atlantic Ocean,18.016667,-63.083333
48057,Zafarana Terminal,Egypt,Gulf of Suez; Red Sea; Indian Ocean,29.166667,32.683333
60205,Suizhang Gang,China,Bo Hai; Yellow Sea; North Pacific Ocean,40.066667,121.05
55960,Port Rikitea,French Polynesia,South Pacific Ocean,-23.116667,-134.966667
57900,Su-Ao,Taiwan,East China Sea; North Pacific Ocean,24.6,121.866667
60870,Vitaz Marine Terminal,Russia,Sea of Okhotsk; North Pacific Ocean,52.7,143.55
60010,Wu Hu,China,East China Sea; North Pacific Ocean,31.333333,118.366667
49685,Yetagun Marine Terminal,Burma,Andaman Sea; Indian Ocean,13.05,96.85
48272,Sharjah Offshore Terminal,United Arab Emirates,Persian Gulf; Indian Ocean,25.583333,55.4
47989,Zeit Bay Lpg Terminal,Egypt,Gulf of Suez; Red Sea; Indian Ocean,27.8,33.566667
51800,Tanjungredeb,Indonesia,Celebes Sea; North Pacific Ocean,2.15,117.483333
59575,Santa Clara,Philippines,Celebes Sea; North Pacific Ocean,7.783333,122.683333
11048,Punta Nizao Oil Terminal,Dominican Republic,Caribbean Sea; North Atlantic Ocean,18.2,-70.2
57490,Phsar Ream,Cambodia,Gulf of Thailand; South China Sea; North Pacific Ocean,10.5,103.6
50231,Ramba,Indonesia,Natuna Sea; South China Sea; South Pacific Ocean,-2.616667,104.133333
56330,Wake Island,Wake Island,North Pacific Ocean,19.283333,166.616667
61090,Shakotan,Russia,North Pacific Ocean,43.866667,146.833333
50932,Tanjung Gerem,Indonesia,"Indian Ocean, Java Sea; South Pacific Ocean",-5.966667,105.983333
51680,Victoria,Malaysia,South China Sea; North Pacific Ocean,5.283333,115.233333
48341,Ras Al Ghar,Saudi Arabia,Persian Gulf; Indian Ocean,26.9,49.866667
7890,Port Socony,United States,North Atlantic Ocean,40.55,-74.25
8890,Tri-City Port,United States,Lake Michigan; Great Lakes,38.716667,-90.2
11005,Puerto Botado,Dominican Republic,North Atlantic Ocean,19.2,-69.45
63100,Port Lockroy,Antarctica,South Pacific Ocean,-64.816667,-63.5
51500,Tarempah,Indonesia,South China Sea; North Pacific Ocean,3.216667,106.216667
52440,Tahuna,Indonesia,Celebes Sea; North Pacific Ocean,3.616667,125.483333
57472,Petchburi Terminal,Thailand,Gulf of Thailand; South China Sea; North Pacific Ocean,13.166667,100.15
63080,Scotia Bay,Antarctica,Scotia Sea; South Atlantic Ocean,-60.75,-44.716667
19589,Tanani Point,United States,Alaska-Canada coastal waters; North Pacific Ocean,59.283333,-135.45
33470,Rothesay Dock,United Kingdom,North Atlantic Ocean,55.9,-4.4
12650,Porto De Mucuripe,Brazil,South Atlantic Ocean,-3.716667,-38.483333
4130,Sheguiandah,Canada,Lake Huron; Great Lakes,45.9,-81.916667
19807,Snug Harbor,United States,Cook Inlet; Gulf of Alaska; North Pacific Ocean,60.1,-152.583333
47690,Port Est,Reunion,Indian Ocean,-20.933333,55.316667
28715,Port Polnochny,Poland,Baltic Sea; North Atlantic Ocean,54.4,18.716667
42790,Vrakhonisis Kallonis,Greece,Aegean Sea; Mediterranean Sea; North Atlantic Ocean,39.083333,26.083333
45515,Port Methanier,Algeria,Mediterranean Sea; North Atlantic Ocean,36.883333,6.95
19950,Port Vita,United States,Gulf of Alaska; North Pacific Ocean,58.066667,-153.066667
19830,Womens Bay,United States,Gulf of Alaska; North Pacific Ocean,57.716667,-152.516667
542,Qutdleq,Greenland,North Atlantic Ocean,61.516667,-42.216667
14090,Puerto Sara,Chile,South Pacific Ocean,-52.633333,-70.2
9665,Puerto Este,Honduras,Caribbean Sea; North Atlantic Ocean,16.083333,-86.9
6650,Wyman,United States,North Atlantic Ocean,44.516667,-67.866667
12820,Portocel,Brazil,South Atlantic Ocean,-19.85,-40.05
35835,Port Du Havre-Antifer,France,English Channel; North Atlantic Ocean,49.65,0.15
26280,Ulvvik,Sweden,Gulf of Bothnia; Baltic Sea; North Atlantic Ocean,62.666667,17.866667
7020,Pemaquid Beach,United States,North Atlantic Ocean,43.866667,-69.533333
3950,Tiffin,Canada,Lake Huron; Great Lakes,44.75,-79.85
40750,Porto Di Malamocco,Italy,Adriatic Sea; Mediterranean Sea; North Atlantic Ocean,45.333333,12.316667
4380,Port Hope,United States,Lake Huron; Great Lakes,43.95,-82.7
3960,Port Mcnicoll,Canada,Lake Huron; Great Lakes,44.75,-79.8
3150,Sackets Harbor,United States,Lake Ontario; Great Lakes,43.95,-76.116667
46544,Psvm Terminal,Angola,South Atlantic Ocean,-6.25,10.733333
12857,Santa Clara,Brazil,South Atlantic Ocean,-20.883333,-51.366667
4270,Richards Landing,Canada,Lake Huron; Great Lakes,46.3,-84.033333
19180,Yes Bay,United States,Alaska-Canada coastal waters; North Pacific Ocean,55.916667,-131.8
47695,Port Ouest,Reunion,Indian Ocean,-20.933333,55.283333
9230,Sinco,United States,Gulf of Mexico; North Atlantic Ocean,29.716667,-95.233333
14020,Prince Olav Harbor,South Georgia and South Sandwich Islands,South Atlantic Ocean,-54.033333,-37.15
43835,Sudak,Ukraine,Black Sea; North Atlantic Ocean,44.85,34.983333
5170,Quebec Harbour,Canada,Lake Superior; Great Lakes,47.7,-85.8
19490,Todd,United States,Alaska-Canada coastal waters; North Pacific Ocean,57.466667,-135.05
19730,Port Ashton,United States,Gulf of Alaska; North Pacific Ocean,60.066667,-148.05
3980,Waubaushene,Canada,Lake Huron; Great Lakes,44.766667,-79.716667
4480,Rockport,United States,Lake Huron; Great Lakes,45.2,-83.383333
19585,Port Chilkoot,United States,Alaska-Canada coastal waters; North Pacific Ocean,59.233333,-135.433333
7070,Robinhood,United States,North Atlantic Ocean,43.85,-69.733333
6980,Port Clyde,United States,North Atlantic Ocean,43.916667,-69.25
42440,Stilis,Greece,Aegean Sea; Mediterranean Sea; North Atlantic Ocean,38.916667,22.616667
42205,Pakhi Oil Terminal,Greece,Aegean Sea; Mediterranean Sea; North Atlantic Ocean,37.966667,23.383333
19870,Trap Point,United States,North Pacific Ocean,57,-154.15
5110,Port Inland,United States,Lake Michigan; Great Lakes,45.966667,-85.866667
19650,Shepard Point,United States,Gulf of Alaska; North Pacific Ocean,60.633333,-145.666667
4580,St. James Harbor,United States,Lake Michigan; Great Lakes,45.733333,-85.516667
14040,Stromness Harbor,South Georgia and South Sandwich Islands,South Atlantic Ocean,-54.15,-36.7
19840,Port Hobron,United States,North Pacific Ocean,57.166667,-153.166667
4540,St Ignace,United States,Lake Huron; Great Lakes,45.85,-84.716667
3610,Rouge River,United States,Lake Erie; Great Lakes,42.283333,-83.116667
45845,Victoria,Guinea,North Atlantic Ocean,10.816667,-14.566667
19190,Union Bay,United States,Alaska-Canada coastal waters; North Pacific Ocean,55.766667,-132.216667
3340,Pelee I West Dock,Canada,Lake Erie; Great Lakes,41.766667,-82.683333
19860,Three Saints Bay,United States,North Pacific Ocean,57.116667,-153.5
20330,Kwiguk,United States,Bering Sea; North Pacific Ocean,62.733333,-164.466667
4450,Au Sable,United States,Lake Huron; Great Lakes,44.4,-83.316667
61662,Iwakuni Ko,Japan,Sea of Japan; North Pacific Ocean,34.183333,132.25
61356,Hitachi,Japan,North Pacific Ocean,36.5,140.633333
50140,Muntok,Indonesia,Natuna Sea; South China Sea; South Pacific Ocean,-2.066667,105.166667
40590,Manfredonia,Italy,Adriatic Sea; Mediterranean Sea; North Atlantic Ocean,41.616667,15.916667
39810,Civitavecchia,Italy,Tyrrhenian Sea; Mediterranean Sea; North Atlantic Ocean,42.102,11.771
45855,Conakry,Guinea,North Atlantic Ocean,9.516667,-13.716667
45838,Bissau,Guinea-Bissau,North Atlantic Ocean,11.866667,-15.633333
34160,Fenit,Ireland,North Atlantic Ocean,52.266667,-9.866667
41420,Korcula,Croatia,Adriatic Sea; Mediterranean Sea; North Atlantic Ocean,42.933333,17.133333
41840,Aigio,Greece,Ionian Sea; Mediterranean Sea; North Atlantic Ocean,38.25,22.083333
32700,Kongshavn,Faroe Islands,Norwegian Sea; North Atlantic Ocean,62.116667,-6.733333
19510,Hood Bay,United States,Alaska-Canada coastal waters; North Pacific Ocean,57.4,-134.5
19330,Bay Of Pillars,United States,Alaska-Canada coastal waters; North Pacific Ocean,56.6,-134.233333
700,Attu,Greenland,Baffin Bay; Arctic Ocean,67.95,-53.733333
31640,Grimsby,United Kingdom,North Sea; North Atlantic Ocean,53.583333,-0.066667
31610,King's Lynn,United Kingdom,North Sea; North Atlantic Ocean,52.75,0.4
31310,Oostende,Belgium,North Sea; North Atlantic Ocean,51.233333,2.916667
30990,Delfzijl,Netherlands,North Sea; North Atlantic Ocean,53.333333,6.933333
33560,Ayr,United Kingdom,North Atlantic Ocean,55.466667,-4.633333
7000,Friendship,United States,North Atlantic Ocean,43.966667,-69.333333
6880,Bucksport,United States,North Atlantic Ocean,44.566667,-68.783333
23660,Brevik,Norway,Skagerrak; North Atlantic Ocean,59.066667,9.7
19588,Haines,United States,Alaska-Canada coastal waters; North Pacific Ocean,59.233333,-135.433333
19110,Metlakatla,United States,Alaska-Canada coastal waters; North Pacific Ocean,55.133333,-131.566667
5460,Duluth,United States,Lake Superior; Great Lakes,46.766667,-92.1
5390,Ashland,United States,Lake Superior; Great Lakes,46.6,-90.866667
4690,Muskegon,United States,Lake Michigan; Great Lakes,43.233333,-86.266667
4650,Manistee,United States,Lake Michigan; Great Lakes,44.25,-86.316667
4520,Mackinaw City,United States,Lake Huron; Great Lakes,45.783333,-84.716667
9240,Houston,United States,Gulf of Mexico; North Atlantic Ocean,29.75,-95.283333
8410,New Bern,United States,North Atlantic Ocean,35.1,-77.05
4200,Blind River,Canada,Lake Huron; Great Lakes,46.183333,-82.95
3940,Midland,Canada,Lake Huron; Great Lakes,44.75,-79.916667
3520,Huron,United States,Lake Erie; Great Lakes,41.4,-82.55
3430,Buffalo,United States,Lake Erie; Great Lakes,42.883333,-78.883333
5320,Baraga,United States,Lake Superior; Great Lakes,46.783333,-88.483333
33310,Lamlash Harbor,United Kingdom,North Atlantic Ocean,55.533333,-5.116667
33530,Ardrossan,United Kingdom,North Atlantic Ocean,55.65,-4.816667
2790,Alexandria Bay,United States,Lake Ontario; Great Lakes,44.333333,-75.916667
3100,Niagara,Canada,Lake Ontario; Great Lakes,43.25,-79.066667
4490,Calcite,United States,Lake Huron; Great Lakes,45.416667,-83.783333
23080,Hommelvik,Norway,Norwegian Sea; North Atlantic Ocean,63.416667,10.8
12772,Aratu,Brazil,South Atlantic Ocean,-12.783333,-38.5
22790,Hemnesberget,Norway,Norwegian Sea; North Atlantic Ocean,66.233333,13.616667
30500,Holstebro-Stuer,Denmark,Kattegat; North Atlantic Ocean,56.5,8.583333
30785,Butzfleth,Germany,North Sea; North Atlantic Ocean,53.65,9.516667
31375,Isle Of Grain,United Kingdom,North Sea; North Atlantic Ocean,51.433333,0.7
31945,Braefoot Bay Terminal,United Kingdom,North Sea; North Atlantic Ocean,56.033333,-3.316667
19130,Ketchikan,United States,Alaska-Canada coastal waters; North Pacific Ocean,55.333333,-131.65
24530,Bergkvara,Sweden,Baltic Sea; North Atlantic Ocean,56.383333,16.1
12710,Cabedelo,Brazil,South Atlantic Ocean,-6.966667,-34.833333
5560,Dalhousie,Canada,Gulf of Saint Lawrence; North Atlantic Ocean,48.066667,-66.366667
14380,Lota,Chile,South Pacific Ocean,-37.1,-73.15
19850,Mccord,United States,North Pacific Ocean,57.15,-153.2
5990,North Sydney,Canada,North Atlantic Ocean,46.216667,-60.25
3380,Amherstburg,Canada,Lake Erie; Great Lakes,42.1,-83.1
10010,Matthew Town,The Bahamas,North Atlantic Ocean,20.95,-73.683333
11100,Arecibo,Puerto Rico,North Atlantic Ocean,18.483333,-66.7
7190,Newburyport,United States,North Atlantic Ocean,42.816667,-70.866667
29120,Hasle,Denmark,Baltic Sea; North Atlantic Ocean,55.183333,14.7
30170,Fredericia,Denmark,Kattegat; North Atlantic Ocean,55.566667,9.766667
30640,Esbjerg,Denmark,North Sea; North Atlantic Ocean,55.466667,8.45
31320,Nieuwpoort,Belgium,North Sea; North Atlantic Ocean,51.133333,2.75
32910,Kyleakin,United Kingdom,North Atlantic Ocean,57.266667,-5.733333
32920,Broadford Bay,United Kingdom,North Atlantic Ocean,57.25,-5.883333
10430,Ceiba Hueca,Cuba,Caribbean Sea; North Atlantic Ocean,20.216667,-77.316667
61160,Kushiro Ko,Japan,North Pacific Ocean,42.983333,144.366667
60320,Inchon,South Korea,Yellow Sea; North Pacific Ocean,37.466667,126.616667
60250,Dalian,China,Yellow Sea; North Pacific Ocean,38.916667,121.666667
55210,New Plymouth,New Zealand,Tasman Sea; South Pacific Ocean,-39.066667,174.033333
55060,Auckland,New Zealand,South Pacific Ocean,-36.85,174.766667
52720,Ambon,Indonesia,Banda Sea; South Pacific Ocean,-3.683333,128.166667
48076,Elat,Israel,Gulf of Aqaba; Red Sea; Indian Ocean,29.55,34.95
47990,El Ghardaqa,Egypt,Gulf of Suez; Red Sea; Indian Ocean,27.216667,33.85
47630,Antsiranana,Madagascar,Indian Ocean,-12.266667,49.283333
47510,Mananjary,Madagascar,Indian Ocean,-21.25,48.333333
47130,Kismaayo,Somalia,Indian Ocean,-0.366667,42.55
47100,Mombasa,Kenya,Indian Ocean,-4.066667,39.666667
46590,Lobito,Angola,South Atlantic Ocean,-12.333333,13.566667
45820,Dakar,Senegal,North Atlantic Ocean,14.683333,-17.433333
48465,Kharg Island Oil Terminal,Iran,Persian Gulf; Indian Ocean,29.233333,50.333333
48450,Bandar-E Mahshahr,Iran,Persian Gulf; Indian Ocean,30.466667,49.183333
44080,Azov,Russia,Sea of Azov; Black Sea; North Atlantic Ocean,47.1,39.433333
43550,Mangalia,Romania,Black Sea; North Atlantic Ocean,43.816667,28.583333
41940,Kalamata,Greece,Mediterranean Sea; North Atlantic Ocean,37.016667,22.116667
41820,Itea,Greece,Ionian Sea; Mediterranean Sea; North Atlantic Ocean,38.433333,22.416667
41550,Dubrovnik,Croatia,Adriatic Sea; Mediterranean Sea; North Atlantic Ocean,42.666667,18.083333
39590,Livorno,Italy,Ligurian Sea; Mediterranean Sea; North Atlantic Ocean,43.542,10.29
39025,Monaco,Monaco,Mediterranean Sea; North Atlantic Ocean,43.733333,7.416667
37770,La Coruna,Spain,North Atlantic Ocean,43.366667,-8.4
37120,Le Verdon,France,Bay of Biscay; North Atlantic Ocean,45.55,-1.05
35400,Brixham Harbour,United Kingdom,English Channel; North Atlantic Ocean,50.4,-3.516667
35150,Bideford,United Kingdom,Bristol Channel; North Atlantic Ocean,51.033333,-4.2
34700,Manchester,United Kingdom,Irish Sea; North Atlantic Ocean,53.483333,-2.266667
34660,Fleetwood,United Kingdom,Irish Sea; North Atlantic Ocean,53.916667,-3.016667
33930,Killybegs,Ireland,North Atlantic Ocean,54.633333,-8.45
34260,Bantry,Ireland,North Atlantic Ocean,51.683333,-9.45
34648,Garlston,United Kingdom,Irish Sea; North Atlantic Ocean,53.35,-2.9
42345,Astakos,Greece,Ionian Sea; Mediterranean Sea; North Atlantic Ocean,38.483333,21.1
41800,Mesolongion,Greece,Ionian Sea; Mediterranean Sea; North Atlantic Ocean,38.366667,21.416667
48470,Bushehr,Iran,Persian Gulf; Indian Ocean,28.983333,50.833333
45350,Abu Khammash,Libya,Mediterranean Sea; North Atlantic Ocean,33.066667,11.816667
45819,M Bao Oil Terminal,Senegal,North Atlantic Ocean,14.716667,-17.4
46237,Agbami Oil Terminal,Nigeria,Gulf of Guinea; North Atlantic Ocean,3.466667,5.566667
56730,Lorengau,Papua New Guinea,South Pacific Ocean,-2.016667,147.266667
42890,Andros,Greece,Aegean Sea; Mediterranean Sea; North Atlantic Ocean,37.833333,24.95
37960,Oporto,Portugal,North Atlantic Ocean,41.15,-8.666667
57990,Claveria,Philippines,Luzon Strait; North Pacific Ocean,18.616667,121.083333
58370,Manila,Philippines,South China Sea; North Pacific Ocean,14.583333,120.966667
60240,Lushun,China,Yellow Sea; North Pacific Ocean,38.783333,121.25
61140,Hanasaki Ko,Japan,North Pacific Ocean,43.283333,145.583333
46473,N'kossa Terminal,Congo (Brazzaville),South Atlantic Ocean,-5.266667,11.566667
45952,Greenville,Liberia,North Atlantic Ocean,4.983333,-9.05
51501,Belanak Field Terminal,Indonesia,South China Sea; North Pacific Ocean,4.15,106.25
51570,Bintangor,Malaysia,South China Sea; North Pacific Ocean,2.166667,111.633333
39820,Fiumicino,Italy,Tyrrhenian Sea; Mediterranean Sea; North Atlantic Ocean,41.772,12.214
43388,Ambarli,Turkey,Sea of Marmara; Mediterranean Sea; North Atlantic Ocean,40.966667,28.7
51220,Cilacap,Indonesia,Indian Ocean,-7.733333,109
46900,Chinde,Mozambique,Mozambique Channel; Indian Ocean,-18.566667,36.5
47420,Maintirano,Madagascar,Mozambique Channel; Indian Ocean,-18.066667,44.016667
47590,Maroantsetra,Madagascar,Indian Ocean,-15.45,49.816667
52240,Kendari,Indonesia,Banda Sea; South Pacific Ocean,-3.966667,122.583333
61360,Choshi,Japan,North Pacific Ocean,35.733333,140.85
61555,Amagasaki,Japan,Sea of Japan; North Pacific Ocean,34.7,135.383333
53142,Kumul,Papua New Guinea,Gulf of Papua; Coral Sea; South Pacific Ocean,-8.1,144.566667
53230,Lae,Papua New Guinea,Solomon Sea; South Pacific Ocean,-6.733333,147
54943,Beauty Point,Australia,Bass Strait; South Pacific Ocean,-41.15,146.816667
55590,Nuku Alofa,Tonga,South Pacific Ocean,-21.133333,-175.2
58170,Legazpi Port,Philippines,Philippine inland seas; North Pacific Ocean,13.15,123.75
59974,Changshu,China,East China Sea; North Pacific Ocean,31.766667,120.95
60990,Lesogorsk,Russia,Tatar Strait; North Pacific Ocean,49.45,142.133333
44965,Dhekelia,Cyprus,Mediterranean Sea; North Atlantic Ocean,34.966667,33.716667
45100,Ashdod,Israel,Mediterranean Sea; North Atlantic Ocean,31.816667,34.65
45175,El Hamra Oil Terminal,Egypt,Mediterranean Sea; North Atlantic Ocean,30.983333,28.866667
45620,Mostaganem,Algeria,Mediterranean Sea; North Atlantic Ocean,35.933333,0.083333
46552,Greater Plutonio Terminal,Angola,South Atlantic Ocean,-7.833333,12.1
49780,Krabi,Thailand,Andaman Sea; Indian Ocean,8.066667,98.916667
49792,Bang Saphan,Thailand,Gulf of Thailand; South China Sea; North Pacific Ocean,11.183333,99.6
50180,Blinyu,Indonesia,Natuna Sea; South China Sea; South Pacific Ocean,-1.633333,105.783333
44808,Antalya Offshore Terminal,Turkey,Mediterranean Sea; North Atlantic Ocean,36.816667,30.6
44820,Antalya,Turkey,Mediterranean Sea; North Atlantic Ocean,36.833333,30.616667
45630,Arzew,Algeria,Mediterranean Sea; North Atlantic Ocean,35.85,-0.3
46286,Moudi Marine Terminal,Cameroon,Gulf of Guinea; North Atlantic Ocean,4.116667,8.483333
46488,Kuito Oil Field,Angola,South Atlantic Ocean,-5.466667,11.5
57410,Kuantan New Port,Malaysia,South China Sea; North Pacific Ocean,3.966667,103.433333
57436,Benchamas Terminal,Thailand,Gulf of Thailand; South China Sea; North Pacific Ocean,10.516667,101.25
53045,Kasim Terminal,Indonesia,South Pacific Ocean,-1.3,131.016667
61277,Noshiro Ko,Japan,Sea of Japan; North Pacific Ocean,40.216667,140
53115,Amamapare,Indonesia,Arafura Sea; South Pacific Ocean,-4.816667,136.966667
58540,Calapan,Philippines,Philippine inland seas; North Pacific Ocean,13.416667,121.183333
61020,Mys Rogatyy Oktyabrskiy,Russia,Tatar Strait; North Pacific Ocean,50.733333,142.1
42378,Aspropirgos,Greece,Aegean Sea; Mediterranean Sea; North Atlantic Ocean,38.033333,23.6
42434,Achladi,Greece,Aegean Sea; Mediterranean Sea; North Atlantic Ocean,38.9,22.816667
38083,Lajes,Portugal,North Atlantic Ocean,38.4,-28.266667
38440,Alicante,Spain,Mediterranean Sea; North Atlantic Ocean,38.333333,-0.483333
43130,Iraklion,Greece,Aegean Sea; Mediterranean Sea; North Atlantic Ocean,35.35,25.15
59930,Haimen,China,East China Sea; North Pacific Ocean,28.683333,121.45
61270,Aomori Ko,Japan,North Pacific Ocean,40.833333,140.75
27870,Signilskar,Finland,Baltic Sea; North Atlantic Ocean,60.2,19.333333
19390,Port Conclusion,United States,Alaska-Canada coastal waters; North Pacific Ocean,56.25,-134.683333
12117,Venterminals,Venezuela,Caribbean Sea; North Atlantic Ocean,10.483333,-68.033333
19230,Rose Inlet,United States,Alaska-Canada coastal waters; North Pacific Ocean,54.95,-132.966667
18705,Port San Juan,Canada,Alaska-Canada coastal waters; North Pacific Ocean,48.55,-124.433333
11782,Salina,Caribbean Netherlands,Caribbean Sea; North Atlantic Ocean,12.083333,-68.283333
7490,Mystic,United States,North Atlantic Ocean,41.35,-71.966667
3480,Fairport,United States,Lake Erie; Great Lakes,41.766667,-81.3
8280,Norfolk,United States,North Atlantic Ocean,36.85,-76.3
63130,Mcmurdo Station,Antarctica,Ross Sea; South Pacific Ocean,-77.85,166.65
62890,Kandalaksha,Russia,White Sea; Barents Sea; Arctic Ocean,67.133333,32.416667
62540,Okhotsk Iy Reyd,Russia,Sea of Okhotsk; North Pacific Ocean,59.366667,143.2
61867,Kashiwazaki,Japan,Sea of Japan; North Pacific Ocean,37.366667,138.55
62520,Ishigaki,Japan,East China Sea; North Pacific Ocean,24.333333,124.166667
7460,Greenport,United States,North Atlantic Ocean,41.1,-72.366667
39000,Villefranche,France,Mediterranean Sea; North Atlantic Ocean,43.7,7.316667
6910,Searsport,United States,North Atlantic Ocean,44.45,-68.916667
39261,Porto Di Oristano,Italy,Mediterranean Sea; North Atlantic Ocean,39.866667,8.55
26180,Soraker,Sweden,Gulf of Bothnia; Baltic Sea; North Atlantic Ocean,62.5,17.5
8390,Washington,United States,North Atlantic Ocean,35.55,-77.05
38870,Toulon,France,Mediterranean Sea; North Atlantic Ocean,43.1,5.916667
2940,Trenton,Canada,Lake Ontario; Great Lakes,44.1,-77.566667
38270,Sevilla,Spain,North Atlantic Ocean,37.366667,-6
32890,Plockton,United Kingdom,North Atlantic Ocean,57.333333,-5.65
15445,Pedregal,Panama,North Pacific Ocean,8.35,-82.433333
38095,Praia De Vitoria,Portugal,North Atlantic Ocean,38.716667,-27.05
25395,Vasteras,Sweden,Baltic Sea; North Atlantic Ocean,59.616667,16.55
40620,Ortona,Italy,Adriatic Sea; Mediterranean Sea; North Atlantic Ocean,42.35,14.416667
7290,Provincetown,United States,North Atlantic Ocean,42.05,-70.183333
6950,Rockport,United States,North Atlantic Ocean,44.183333,-69.066667
31600,Wisbech,United Kingdom,North Sea; North Atlantic Ocean,52.666667,0.15
19639,Orca,United States,Gulf of Alaska; North Pacific Ocean,60.583333,-145.716667
38050,Vila Real De S Antonio,Portugal,North Atlantic Ocean,37.183333,-7.4
33140,Tobermory,United Kingdom,North Atlantic Ocean,56.616667,-6.066667
3510,Vermilion,United States,Lake Erie; Great Lakes,41.433333,-82.366667
790,Qasigiannguit-Christianshab,Greenland,Baffin Bay; Arctic Ocean,68.816667,-51.183333
13900,Puerto Madryn,Argentina,South Atlantic Ocean,-42.766667,-65.033333
30457,Thisted,Denmark,Kattegat; North Atlantic Ocean,56.95,8.7
35210,St. Mary's (Scilly Isl.),United Kingdom,Celtic Sea; North Atlantic Ocean,49.916667,-6.316667
39215,Sarroch Oil Terminal,Italy,Mediterranean Sea; North Atlantic Ocean,39.083333,9.033333
15915,San Juan De La Costa,Mexico,Gulf of California; North Pacific Ocean,24.4,-110.7
4560,Sault Ste Marie,United States,Lake Superior; Great Lakes,46.5,-84.35
35330,Par,United Kingdom,English Channel; North Atlantic Ocean,50.35,-4.7
39220,Porto Ponte Romano,Italy,Mediterranean Sea; North Atlantic Ocean,39.05,8.466667
26140,Vivstavarv,Sweden,Gulf of Bothnia; Baltic Sea; North Atlantic Ocean,62.483333,17.35
6680,Winter Harbor,United States,North Atlantic Ocean,44.383333,-68.083333
3970,Victoria Harbour,Canada,Lake Huron; Great Lakes,44.75,-79.816667
38100,Ponta Delgada,Portugal,North Atlantic Ocean,37.733333,-25.666667
3200,Rochester,United States,Lake Ontario; Great Lakes,43.266667,-77.6
40470,Taranto,Italy,Golfo di Taranto; Mediterranean Sea; North Atlantic Ocean,40.466667,17.2
4900,Two Rivers,United States,Lake Michigan; Great Lakes,44.15,-87.566667
3190,Sodus Bay,United States,Lake Ontario; Great Lakes,43.266667,-76.983333
8030,New Castle,United States,North Atlantic Ocean,39.65,-75.566667
31130,Schiedam,Netherlands,North Sea; North Atlantic Ocean,51.9,4.4
46570,Porto Amboim,Angola,South Atlantic Ocean,-10.733333,13.75
45755,Tanger,Morocco,Strait of Gibraltar; North Atlantic Ocean,35.783333,-5.816667
46925,Pebane,Mozambique,Mozambique Channel; Indian Ocean,-17.266667,38.15
43747,Ust-Dunaisk,Ukraine,Black Sea; North Atlantic Ocean,45.466667,29.7
42570,Stratoni,Greece,Aegean Sea; Mediterranean Sea; North Atlantic Ocean,40.516667,23.833333
42550,Yerakini,Greece,Aegean Sea; Mediterranean Sea; North Atlantic Ocean,40.266667,23.466667
42780,Plomarion,Greece,Aegean Sea; Mediterranean Sea; North Atlantic Ocean,38.983333,26.366667
47540,Toamasina,Madagascar,Indian Ocean,-18.166667,49.416667
41410,Ploce,Croatia,Adriatic Sea; Mediterranean Sea; North Atlantic Ocean,43.05,17.433333
42460,Tsingeli,Greece,Aegean Sea; Mediterranean Sea; North Atlantic Ocean,39.166667,22.85
46375,Santo Antonio,Sao Tome and Principe,Gulf of Guinea; North Atlantic Ocean,1.65,7.45
46063,Saltpond,Ghana,Gulf of Guinea; North Atlantic Ocean,5.2,-1.05
62175,Saiki Ko,Japan,East China Sea; North Pacific Ocean,32.966667,131.933333
51040,Semarang,Indonesia,Java Sea; South Pacific Ocean,-6.95,110.416667
59580,Zamboanga,Philippines,Celebes Sea; North Pacific Ocean,6.9,122.066667
48020,Ras Gharib,Egypt,Gulf of Suez; Red Sea; Indian Ocean,28.35,33.1
61175,Tokachi,Japan,North Pacific Ocean,42.25,143.3
57100,Tulaghi,Solomon Islands,Solomon Sea; South Pacific Ocean,-9.1,160.15
58150,Tabaco,Philippines,Philippine inland seas; North Pacific Ocean,13.366667,123.733333
57446,Sattahip,Thailand,Gulf of Thailand; South China Sea; North Pacific Ocean,12.616667,100.916667
57872,Zhangzhou,China,Taiwan Strait; North Pacific Ocean,24.683333,118.15
57439,Songkhla Harbor,Thailand,Gulf of Thailand; South China Sea; North Pacific Ocean,7.216667,100.583333
55350,Timaru,New Zealand,South Pacific Ocean,-44.4,171.25
51941,Pontianak,Indonesia,Natuna Sea; South China Sea; South Pacific Ocean,-0.016667,109.333333
50010,Pulau Bukom,Singapore,Strait of Malacca; Indian Ocean,1.233333,103.766667
50450,Teluk Bayur,Indonesia,Indian Ocean,-1,100.366667
51586,Tawa,Malaysia,Celebes Sea; North Pacific Ocean,4.25,117.883333
59120,Pulupandan,Philippines,Sulu Sea; North Pacific Ocean,10.516667,122.8
8290,Portsmouth,United States,North Atlantic Ocean,36.816667,-76.3
57005,Ringgi Cove,Solomon Islands,Solomon Sea; South Pacific Ocean,-8.116667,157.1
57821,Zhuhai,China,South China Sea; North Pacific Ocean,22.233333,113.583333
52320,Ujung Pandang,Indonesia,Makassar Strait; South Pacific Ocean,-5.133333,119.4
54325,Port Bonython,Australia,Spencer Gulf; Indian Ocean,-33.016667,137.766667
60133,Rizhao,China,Yellow Sea; North Pacific Ocean,35.383333,119.566667
8110,Philadelphia,United States,North Atlantic Ocean,39.95,-75.133333
50250,Tanjungpandan,Indonesia,Natuna Sea; South China Sea; South Pacific Ocean,-2.75,107.633333
54290,Port Pirie,Australia,Spencer Gulf; Indian Ocean,-33.183333,138.016667
62010,Uwajima Ko,Japan,Sea of Japan; North Pacific Ocean,33.216667,132.566667
52295,Pomalaa,Indonesia,Teluk Bone; Banda Sea; South Pacific Ocean,-4.166667,121.6
51645,Seria Oil Loading Terminal,Brunei,South China Sea; North Pacific Ocean,4.616667,114.316667
75,Straumsvik,Iceland,North Atlantic Ocean,64.05,-22.05
8025,Salem Nj,United States,North Atlantic Ocean,39.666667,-75.483333
53050,Sailolof,Indonesia,Halmahera Sea; South Pacific Ocean,-1.25,130.75
56150,Kiholo,United States,North Pacific Ocean,19.866667,-155.95
56120,Kauhako Bay,United States,North Pacific Ocean,19.383333,-155.9
56110,Milolii,United States,North Pacific Ocean,19.183333,-155.9
56090,Hilo,United States,North Pacific Ocean,19.733333,-155.066667
56325,Johnston Atoll,Johnson Atoll,North Pacific Ocean,16.75,-169.516667
17790,Everett,United States,Alaska-Canada coastal waters; North Pacific Ocean,48,-122.216667
17760,Edwards Point,United States,Alaska-Canada coastal waters; North Pacific Ocean,47.8,-122.4
17090,La Push,United States,North Pacific Ocean,47.9,-124.633333
17000,Nahcotta,United States,North Pacific Ocean,46.5,-124.033333
16170,Gaviota,United States,North Pacific Ocean,34.466667,-120.2
16080,Los Angeles,United States,North Pacific Ocean,33.75,-118.25
16040,Isthmus Cove,United States,North Pacific Ocean,33.45,-118.5
17050,Bay City,United States,North Pacific Ocean,46.866667,-124.066667
16160,Ellwood,United States,North Pacific Ocean,34.433333,-119.916667
16808,Cushman,United States,North Pacific Ocean,43.983333,-124.066667
16835,Depoe Bay,United States,North Pacific Ocean,44.8,-124.066667
17260,Keyport,United States,Alaska-Canada coastal waters; North Pacific Ocean,47.7,-122.616667
17350,Fort Ward,United States,Alaska-Canada coastal waters; North Pacific Ocean,47.583333,-122.516667
17670,Nisqually Head,United States,Alaska-Canada coastal waters; North Pacific Ocean,47.116667,-122.75
20499,Lady Franklin Point,Canada,Northwest Passages; Arctic Ocean,68.483333,-113.266667
16805,Glenada,United States,North Pacific Ocean,43.966667,-124.116667
16740,Empire,United States,North Pacific Ocean,43.4,-124.283333
16803,Florence,United States,North Pacific Ocean,43.966667,-124.116667
17170,Glen Cove,United States,Alaska-Canada coastal waters; North Pacific Ocean,48.083333,-122.783333
17330,Creosote,United States,Alaska-Canada coastal waters; North Pacific Ocean,47.616667,-122.5
17380,East Bremerton,United States,Alaska-Canada coastal waters; North Pacific Ocean,47.566667,-122.616667
56250,Kamalo,United States,North Pacific Ocean,21.05,-156.883333
17120,Port Angeles,United States,Alaska-Canada coastal waters; North Pacific Ocean,48.116667,-123.433333
16810,Waldport,United States,North Pacific Ocean,44.433333,-124.066667
16790,Winchester Bay,United States,North Pacific Ocean,43.683333,-124.183333
1035,Padloping Island,Canada,Baffin Bay; Arctic Ocean,67.033333,-62.733333
17320,Winslow,United States,Alaska-Canada coastal waters; North Pacific Ocean,47.616667,-122.516667
17550,Quartermaster Harbor,United States,Alaska-Canada coastal waters; North Pacific Ocean,47.383333,-122.466667
16310,Yerbabuena Island,United States,North Pacific Ocean,37.816667,-122.366667
16870,Tongue Point,United States,North Pacific Ocean,46.2,-123.75
17230,Port Gamble,United States,Alaska-Canada coastal waters; North Pacific Ocean,47.85,-122.583333
16140,Ventura,United States,North Pacific Ocean,34.283333,-119.283333
17110,Sekiu,United States,Alaska-Canada coastal waters; North Pacific Ocean,48.266667,-124.3
16800,Reedsport,United States,North Pacific Ocean,43.7,-124.1
16130,Prisoners,United States,North Pacific Ocean,34.016667,-119.683333
56290,Port Allen,United States,North Pacific Ocean,21.9,-159.583333
18060,Semiahmoo,United States,Alaska-Canada coastal waters; North Pacific Ocean,48.983333,-122.766667
56240,Pukoo,United States,North Pacific Ocean,21.066667,-156.8
39140,Maddalena,Italy,Tyrrhenian Sea; Mediterranean Sea; North Atlantic Ocean,41.208,9.403
39370,Imperia,Italy,Mediterranean Sea; North Atlantic Ocean,43.883333,8.033333
40170,Marsala,Italy,Mediterranean Sea; North Atlantic Ocean,37.783333,12.433333
40180,Mazara Del Vallo,Italy,Mediterranean Sea; North Atlantic Ocean,37.644,12.592
40300,Lipari,Italy,Tyrrhenian Sea; Mediterranean Sea; North Atlantic Ocean,38.483333,14.966667
50785,Dumai,Indonesia,Strait of Malacca; Indian Ocean,1.683333,101.45
50925,Banten,Indonesia,"Indian Ocean, Java Sea; South Pacific Ocean",-6.016667,105.966667
51855,North Pulau Laut Coal Terminal,Indonesia,Makassar Strait; South Pacific Ocean,-3.2,116.283333
54470,Albany,Australia,Indian Ocean,-35.033333,117.883333
54450,Esperance,Australia,Indian Ocean,-33.866667,121.9
46610,Namibe,Angola,South Atlantic Ocean,-15.2,12.15
46490,Cabinda,Angola,South Atlantic Ocean,-5.533333,12.2
13780,Mar Del Plata,Argentina,South Atlantic Ocean,-38.033333,-57.533333
13770,La Plata,Argentina,Rio de la Plata; South Atlantic Ocean,-34.833333,-57.883333
13760,Buenos Aires,Argentina,Rio de la Plata; South Atlantic Ocean,-34.6,-58.366667
13040,Imbituba,Brazil,South Atlantic Ocean,-28.233333,-48.666667
12940,Angra Dos Reis,Brazil,South Atlantic Ocean,-23.016667,-44.316667
5160,Michipicoten,Canada,Lake Superior; Great Lakes,47.966667,-84.9
12690,Natal,Brazil,South Atlantic Ocean,-5.783333,-35.2
12661,Guamare Oil Terminal,Brazil,South Atlantic Ocean,-4.866667,-36.283333
12585,Itaqui,Brazil,South Atlantic Ocean,-2.566667,-44.366667
12560,Manaus,Brazil,South Atlantic Ocean,-3.133333,-60.016667
12540,Itacoatiara,Brazil,South Atlantic Ocean,-3.15,-58.45
12490,Belem,Brazil,South Atlantic Ocean,-1.45,-48.5
9950,Ireland Island,Bermuda,North Atlantic Ocean,32.316667,-64.833333
4180,Meldrum Bay,Canada,Lake Huron; Great Lakes,45.933333,-83.116667
4140,Little Current,Canada,Lake Huron; Great Lakes,45.983333,-81.933333
4080,Killarney,Canada,Lake Huron; Great Lakes,45.966667,-81.516667
4060,Key Harbour,Canada,Lake Huron; Great Lakes,45.883333,-80.75
2930,Belleville,Canada,Lake Ontario; Great Lakes,44.15,-77.4
2130,Chicoutimi (Port Saguenay),Canada,Gulf of Saint Lawrence; North Atlantic Ocean,48.433333,-71.066667
18925,Kitimat,Canada,Alaska-Canada coastal waters; North Pacific Ocean,54,-128.683333
46495,Futila Terminal,Angola,South Atlantic Ocean,-5.45,12.183333
2960,Cobourg,Canada,Lake Ontario; Great Lakes,43.95,-78.166667
12890,Macae,Brazil,South Atlantic Ocean,-22.366667,-41.766667
53810,Eden,Australia,Tasman Sea; South Pacific Ocean,-37.066667,149.916667
3350,Leamington,Canada,Lake Erie; Great Lakes,42.033333,-82.6
12930,Niteroi,Brazil,South Atlantic Ocean,-22.883333,-43.116667
5510,Gaspe,Canada,Gulf of Saint Lawrence; North Atlantic Ocean,48.833333,-64.483333
5600,Caraquet,Canada,Gulf of Saint Lawrence; North Atlantic Ocean,47.8,-64.933333
9995,Clifton Pier,The Bahamas,North Atlantic Ocean,25,-77.55
46549,Girassol Terminal,Angola,South Atlantic Ocean,-7.65,11.683333
46551,Dalia Terminal,Angola,South Atlantic Ocean,-7.683333,11.766667
54200,Kingscote,Australia,Indian Ocean,-35.633333,137.633333
54970,Launceston,Australia,Bass Strait; South Pacific Ocean,-41.45,147.116667
48276,Mina Jabal Ali,United Arab Emirates,Persian Gulf; Indian Ocean,25.016667,55.05
48275,Dubayy,United Arab Emirates,Persian Gulf; Indian Ocean,25.266667,55.3
1040,Pangnirtung,Canada,Cumberland Sound; Labrador Sea; North Atlantic Ocean,66.133333,-65.75
18210,Squamish,Canada,Alaska-Canada coastal waters; North Pacific Ocean,49.683333,-123.15
3860,Owen Sound,Canada,Lake Huron; Great Lakes,44.583333,-80.933333
13070,Pelotas,Brazil,South Atlantic Ocean,-31.783333,-52.333333
2970,Port Hope,Canada,Lake Ontario; Great Lakes,43.933333,-78.283333
18150,Vancouver,Canada,Alaska-Canada coastal waters; North Pacific Ocean,49.283333,-123.116667
46545,Soyo Angola Lng Terminal,Angola,South Atlantic Ocean,-6.116667,12.333333
4290,Sault Ste Marie,Canada,Lake Superior; Great Lakes,46.516667,-84.35
5620,Shippegan,Canada,Gulf of Saint Lawrence; North Atlantic Ocean,47.75,-64.7
4030,Parry Sound,Canada,Lake Huron; Great Lakes,45.333333,-80.033333
18980,Stewart,Canada,Alaska-Canada coastal waters; North Pacific Ocean,55.933333,-130
46485,Takula Terminal,Angola,South Atlantic Ocean,-5.216667,11.783333
18950,Prince Rupert,Canada,Alaska-Canada coastal waters; North Pacific Ocean,54.316667,-130.333333
12920,Rio De Janeiro,Brazil,South Atlantic Ocean,-22.9,-43.166667
3930,Penetanguishene,Canada,Lake Huron; Great Lakes,44.766667,-79.933333
11830,Sint Nicolaas Baai,Aruba,Caribbean Sea; North Atlantic Ocean,12.433333,-69.916667
46547,Palanca Terminal,Angola,South Atlantic Ocean,-6.95,12.4
18130,Port Coquitlam,Canada,Alaska-Canada coastal waters; North Pacific Ocean,49.23333333,-122.7666667
13800,Puerto Rosales,Argentina,South Atlantic Ocean,-38.933333,-62.066667
12730,Recife,Brazil,South Atlantic Ocean,-8.05,-34.866667
2520,Ottawa,Canada,Lake Ontario; Great Lakes,45.433333,-75.7
3750,Port Elgin,Canada,Lake Huron; Great Lakes,44.433333,-81.4
13930,Puerto Deseado,Argentina,South Atlantic Ocean,-47.75,-65.9
46580,Sumbe,Angola,South Atlantic Ocean,-11.2,13.833333
31280,Zeebrugge,Belgium,North Sea; North Atlantic Ocean,51.333333,3.2
13810,Puerto Belgrano,Argentina,South Atlantic Ocean,-38.883333,-62.1
5210,Thunder Bay,Canada,Lake Superior; Great Lakes,48.4,-89.233333
13055,Tramandai,Brazil,South Atlantic Ocean,-29.983333,-50.133333
54940,Port Dalrymple,Australia,Bass Strait; South Pacific Ocean,-41.133333,146.833333
54410,Thevenard,Australia,Great Australian Bight; Indian Ocean,-32.166667,133.65
54280,Wallaroo,Australia,Spencer Gulf; Indian Ocean,-33.933333,137.616667
53840,Welshpool,Australia,Bass Strait; South Pacific Ocean,-38.7,146.466667
53930,Western Port,Australia,Bass Strait; South Pacific Ocean,-38.35,145.233333
63095,Port Foster,Antarctica,Bransfield Strait; Drake Passage; South Atlantic Ocean,-62.95,-60.633333
55680,Pago Pago Harbor,American Samoa,South Pacific Ocean,-14.283333,-170.666667
54320,Whyalla,Australia,Spencer Gulf; Indian Ocean,-33.033333,137.583333
12370,Georgetown,Guyana,North Atlantic Ocean,6.833333,-58.166667
51400,Kupang,Indonesia,Savu Sea; Indian Ocean,-10.166667,123.583333
48420,Khorramshahr,Iran,Persian Gulf; Indian Ocean,30.433333,48.183333
48620,Mandvi,India,Arabian Sea; Indian Ocean,22.833333,69.35
50930,Anyer Lor,Indonesia,Indian Ocean,-6.05,105.916667
51280,Ampenan,Indonesia,Bali Sea; Java Sea; South Pacific Ocean,-8.566667,116.066667
61120,Abashiri Ko,Japan,Sea of Okhotsk; North Pacific Ocean,44.016667,144.283333
61170,Muroran Ko,Japan,North Pacific Ocean,42.35,140.966667
57830,Guangzhou,China,South China Sea; North Pacific Ocean,23.116667,113.233333
46530,Matadi,Congo (Kinshasa),South Atlantic Ocean,-5.816667,13.45
46520,Boma,Congo (Kinshasa),South Atlantic Ocean,-5.85,13.05
46510,Banana,Congo (Kinshasa),South Atlantic Ocean,-5.983333,12.383333
45670,Ghazaouet,Algeria,Mediterranean Sea; North Atlantic Ocean,35.1,-1.866667
45570,Alger,Algeria,Mediterranean Sea; North Atlantic Ocean,36.766667,3.066667
45490,Annaba,Algeria,Mediterranean Sea; North Atlantic Ocean,36.916667,7.766667
44970,Famagusta,Cyprus,Mediterranean Sea; North Atlantic Ocean,35.116667,33.933333
44960,Larnaca,Cyprus,Mediterranean Sea; North Atlantic Ocean,34.916667,33.65
50910,Flying Fish Cove,Christmas Island,Indian Ocean,-10.416667,105.7
30950,Emden,Germany,North Sea; North Atlantic Ocean,53.333333,7.183333
30900,Bremen,Germany,North Sea; North Atlantic Ocean,53.133333,8.766667
30840,Nordenham,Germany,North Sea; North Atlantic Ocean,53.483333,8.483333
30810,Bremerhaven,Germany,North Sea; North Atlantic Ocean,53.533333,8.583333
30800,Cuxhaven,Germany,North Sea; North Atlantic Ocean,53.866667,8.716667
30780,Hamburg,Germany,North Sea; North Atlantic Ocean,53.55,9.933333
29350,Helsingor,Denmark,Baltic Sea; North Atlantic Ocean,56.033333,12.616667
15480,Golfito,Costa Rica,North Pacific Ocean,8.633333,-83.166667
15370,Buenaventura,Colombia,North Pacific Ocean,3.883333,-77.066667
15330,Esmeraldas,Ecuador,North Pacific Ocean,1,-79.65
15310,Manta,Ecuador,South Pacific Ocean,-0.95,-80.716667
14760,Iquique,Chile,South Pacific Ocean,-20.2,-70.166667
14660,Antofagasta,Chile,South Pacific Ocean,-23.65,-70.416667
14425,Lirquen,Chile,South Pacific Ocean,-36.716667,-72.983333
14415,Bahia San Vicente,Chile,South Pacific Ocean,-36.733333,-73.166667
10500,Jucaro,Cuba,Caribbean Sea; North Atlantic Ocean,21.616667,-78.85
14670,Mejillones,Chile,South Pacific Ocean,-23.1,-70.466667
30100,Abenra,Denmark,Baltic Sea; North Atlantic Ocean,55.05,9.433333
30870,Oldenburg,Germany,North Sea; North Atlantic Ocean,53.116667,8.216667
45520,Collo,Algeria,Mediterranean Sea; North Atlantic Ocean,37,6.583333
45525,Djen-Djen,Algeria,Mediterranean Sea; North Atlantic Ocean,36.816667,5.883333
45530,Jijel,Algeria,Mediterranean Sea; North Atlantic Ocean,36.833333,5.783333
11908,El Bosque,Colombia,Caribbean Sea; North Atlantic Ocean,10.4,-75.533333
30105,Ensted,Denmark,Baltic Sea; North Atlantic Ocean,55.016667,9.433333
30480,Lemvig,Denmark,Kattegat; North Atlantic Ocean,56.583333,8.283333
30710,Brunsbuttel Elbahafen,Germany,North Sea; North Atlantic Ocean,53.883333,9.166667
30740,Neuhaus,Germany,North Sea; North Atlantic Ocean,53.8,9.033333
30760,Gluckstadt,Germany,North Sea; North Atlantic Ocean,53.783333,9.416667
14400,Coronel,Chile,South Pacific Ocean,-37.033333,-73.166667
29130,Christianso Harbor,Denmark,Baltic Sea; North Atlantic Ocean,55.316667,15.183333
57745,Fang-Cheng,China,Gulf of Tonkin; South China Sea; North Pacific Ocean,21.75,108.35
59991,Nantong,China,East China Sea; North Pacific Ocean,32,120.8
60170,Longkou Gang,China,Bo Hai; Yellow Sea; North Pacific Ocean,37.633333,120.283333
60215,Jinzhou Wan,China,Bo Hai; Yellow Sea; North Pacific Ocean,40.75,121.1
44900,Kyrenia,Cyprus,Mediterranean Sea; North Atlantic Ocean,35.35,33.333333
14095,Caleta Clarencia,Chile,South Pacific Ocean,-52.9,-70.1
14610,Huasco,Chile,South Pacific Ocean,-28.466667,-71.25
10420,Media Luna,Cuba,Caribbean Sea; North Atlantic Ocean,20.15,-77.433333
11905,Mamonal,Colombia,Caribbean Sea; North Atlantic Ocean,10.316667,-75.516667
45560,Dellys,Algeria,Mediterranean Sea; North Atlantic Ocean,36.916667,3.916667
57822,Huangpu,China,South China Sea; North Pacific Ocean,23.083333,113.416667
57859,Huizhou,China,South China Sea; North Pacific Ocean,22.716667,114.516667
57862,Chaozhou,China,South China Sea; North Pacific Ocean,23.616667,117.083333
29520,Korsor,Denmark,Baltic Sea; North Atlantic Ocean,55.333333,11.133333
30850,Brake,Germany,North Sea; North Atlantic Ocean,53.333333,8.483333
30860,Elsfleth,Germany,North Sea; North Atlantic Ocean,53.233333,8.466667
59985,Jiangyin,China,East China Sea; North Pacific Ocean,31.916667,120.233333
59986,Changzhou,China,East China Sea; North Pacific Ocean,31.966667,119.983333
59987,Gaogang,China,East China Sea; North Pacific Ocean,32.283333,119.85
60210,Huludao Gang,China,Bo Hai; Yellow Sea; North Pacific Ocean,40.7,120.983333
60230,Bayuquan,China,Bo Hai; Yellow Sea; North Pacific Ocean,40.3,122.083333
45510,Skikda,Algeria,Mediterranean Sea; North Atlantic Ocean,36.883333,6.916667
45610,Tenes,Algeria,Mediterranean Sea; North Atlantic Ocean,36.533333,1.316667
15500,Puerto Caldera,Costa Rica,North Pacific Ocean,9.916667,-84.716667
30910,Wilhelmshaven,Germany,North Sea; North Atlantic Ocean,53.533333,8.166667
14420,Talcahuano,Chile,South Pacific Ocean,-36.7,-73.1
14720,Tocopilla,Chile,South Pacific Ocean,-22.083333,-70.233333
15360,Tumaco,Colombia,North Pacific Ocean,1.816667,-78.75
11821,Sint Michelsbaai,Curacao,Caribbean Sea; North Atlantic Ocean,12.133333,-69.016667
45880,Porto Grande,Cabo Verde,North Atlantic Ocean,16.883333,-25
14440,Penco,Chile,South Pacific Ocean,-36.716667,-73
52695,Salawati,Indonesia,South Pacific Ocean,-1.35,130.983333
15510,Puntarenas,Costa Rica,North Pacific Ocean,9.983333,-84.833333
29260,Tuborg,Denmark,Baltic Sea; North Atlantic Ocean,55.716667,12.583333
14197,Puerto Chacabuco,Chile,South Pacific Ocean,-45.466667,-72.833333
59988,Yangzhou,China,East China Sea; North Pacific Ocean,32.266667,119.433333
48015,Ras Shukhier,Egypt,Gulf of Suez; Red Sea; Indian Ocean,28.133333,33.283333
48025,Ras Badran Oil Terminal,Egypt,Gulf of Suez; Red Sea; Indian Ocean,28.95,33.166667
60165,Penglai,China,Yellow Sea; North Pacific Ocean,37.816667,120.833333
48065,Wadi Feiran,Egypt,Gulf of Suez; Red Sea; Indian Ocean,28.75,33.2
47988,Sharm El Sheikh,Egypt,Red Sea; Indian Ocean,27.85,34.283333
57857,Yantian,China,South China Sea; North Pacific Ocean,22.583333,114.266667
60140,Qingdao Gang,China,Yellow Sea; North Pacific Ocean,36.033333,120.266667
60193,Tangshan (Jingtang),China,Bo Hai; Yellow Sea; North Pacific Ocean,39.2,119.016667
48053,Ras Sudr,Egypt,Gulf of Suez; Red Sea; Indian Ocean,29.583333,32.7
11060,Puerto Viejo De Azua,Dominican Republic,Caribbean Sea; North Atlantic Ocean,18.35,-70.833333
57876,Xiuyu,China,Taiwan Strait; North Pacific Ocean,25.233333,118.983333
57874,Quanzhou,China,Taiwan Strait; North Pacific Ocean,24.883333,118.6
57819,Shui Dong,China,South China Sea; North Pacific Ocean,21.483333,111.083333
10520,Tunas De Zaza,Cuba,Caribbean Sea; North Atlantic Ocean,21.633333,-79.55
59990,Zhangjiangang,China,East China Sea; North Pacific Ocean,31.966667,120.4
57777,Shekou,China,South China Sea; North Pacific Ocean,22.466667,113.866667
57816,Sanya,China,Gulf of Tonkin; South China Sea; North Pacific Ocean,18.316667,109.45
59995,Zhenjiang,China,East China Sea; North Pacific Ocean,32.216667,119.433333
57817,Yangpu,China,Gulf of Tonkin; South China Sea; North Pacific Ocean,19.733333,109.183333
57770,Zhanjiang,China,South China Sea; North Pacific Ocean,21.2,110.4
59963,Zhapu,China,East China Sea; North Pacific Ocean,30.583333,121.083333
60150,Weihai,China,Yellow Sea; North Pacific Ocean,37.5,122.1
11030,San Pedro De Macoris,Dominican Republic,Caribbean Sea; North Atlantic Ocean,18.45,-69.316667
4840,Kenosha,United States,Lake Michigan; Great Lakes,42.583333,-87.816667
61840,Nanao Ko,Japan,Sea of Japan; North Pacific Ocean,37.05,136.983333
41350,Dugi Rat,Croatia,Adriatic Sea; Mediterranean Sea; North Atlantic Ocean,43.45,16.65
42327,Chalkis,Greece,Aegean Sea; Mediterranean Sea; North Atlantic Ocean,38.466667,23.6
42980,Nisos Naxos,Greece,Aegean Sea; Mediterranean Sea; North Atlantic Ocean,37.1,25.366667
61180,Mori,Japan,North Pacific Ocean,42.116667,140.583333
46454,M'bya Oil Terminal,Gabon,South Atlantic Ocean,-3.883333,10.933333
46453,Gamba Oil Terminal,Gabon,South Atlantic Ocean,-2.833333,10
46445,Cap Lopez,Gabon,Gulf of Guinea; North Atlantic Ocean,-0.633333,8.716667
45730,Ceuta,Spain,Strait of Gibraltar; North Atlantic Ocean,35.9,-5.316667
38990,Nice,France,Mediterranean Sea; North Atlantic Ocean,43.7,7.283333
38775,Fos,France,Gulf of Lion; Mediterranean Sea; North Atlantic Ocean,43.416667,4.883333
38290,Cadiz,Spain,North Atlantic Ocean,36.533333,-6.3
38220,Huelva,Spain,North Atlantic Ocean,37.25,-6.95
37740,Ferrol,Spain,North Atlantic Ocean,43.483333,-8.233333
37560,Gijon,Spain,Bay of Biscay; North Atlantic Ocean,43.55,-5.666667
33090,Mallaig,United Kingdom,North Atlantic Ocean,57,-5.816667
32955,Lochmaddy,United Kingdom,North Atlantic Ocean,57.6,-7.166667
32320,Burghead,United Kingdom,North Sea; North Atlantic Ocean,57.7,-3.5
32290,Buckie Harbor,United Kingdom,North Sea; North Atlantic Ocean,57.683333,-2.966667
32220,Aberdeen,United Kingdom,North Sea; North Atlantic Ocean,57.15,-2.083333
32010,Grangemouth,United Kingdom,North Sea; North Atlantic Ocean,56.016667,-3.716667
31930,Leith,United Kingdom,North Sea; North Atlantic Ocean,55.983333,-3.183333
31680,Bridlington,United Kingdom,North Sea; North Atlantic Ocean,54.083333,-0.183333
31550,Ipswich,United Kingdom,North Sea; North Atlantic Ocean,52.05,1.166667
37230,Bayonne,France,Bay of Biscay; North Atlantic Ocean,43.5,-1.466667
36900,Nantes,France,Bay of Biscay; North Atlantic Ocean,47.2,-1.566667
36860,Donges,France,Bay of Biscay; North Atlantic Ocean,47.3,-2.066667
35340,Fowey Harbour,United Kingdom,English Channel; North Atlantic Ocean,50.333333,-4.633333
35070,Bristol,United Kingdom,Bristol Channel; North Atlantic Ocean,51.466667,-2.633333
34690,Liverpool,United Kingdom,Irish Sea; North Atlantic Ocean,53.416667,-3
34630,Barrow In Furness,United Kingdom,Irish Sea; North Atlantic Ocean,54.116667,-3.233333
33690,Ardglass,United Kingdom,Irish Sea; North Atlantic Ocean,54.266667,-5.616667
33490,Glasgow,United Kingdom,North Atlantic Ocean,55.866667,-4.283333
33450,Bowling,United Kingdom,North Atlantic Ocean,55.933333,-4.483333
35870,Deauville,France,English Channel; North Atlantic Ocean,49.366667,0.083333
31972,Hound Point Terminal,United Kingdom,North Sea; North Atlantic Ocean,56,-3.366667
32990,Lochboisdale,United Kingdom,North Atlantic Ocean,57.15,-7.3
38310,Algeciras,Spain,Strait of Gibraltar; North Atlantic Ocean,36.133333,-5.433333
32330,Inverness,United Kingdom,North Sea; North Atlantic Ocean,57.483333,-4.233333
32070,Methil,United Kingdom,North Sea; North Atlantic Ocean,56.183333,-3
32300,Lossiemouth,United Kingdom,North Sea; North Atlantic Ocean,57.716667,-3.283333
32350,Invergordon,United Kingdom,North Sea; North Atlantic Ocean,57.683333,-4.166667
37600,Aviles,Spain,Bay of Biscay; North Atlantic Ocean,43.6,-5.933333
38375,Motril,Spain,Mediterranean Sea; North Atlantic Ocean,36.75,-3.516667
38390,Almeria,Spain,Mediterranean Sea; North Atlantic Ocean,36.833333,-2.466667
38500,El Grao,Spain,Balearic Sea; Mediterranean Sea; North Atlantic Ocean,39.966667,0.016667
38610,Ibiza,Spain,Mediterranean Sea; North Atlantic Ocean,38.9,1.45
39080,Bonifacio,France,Mediterranean Sea; North Atlantic Ocean,41.383333,9.166667
33190,Corpach,United Kingdom,North Atlantic Ocean,56.85,-5.116667
33160,Lochaline,United Kingdom,North Atlantic Ocean,56.55,-5.766667
33170,Craignure,United Kingdom,North Atlantic Ocean,56.466667,-5.7
34640,Heysham,United Kingdom,Irish Sea; North Atlantic Ocean,54.033333,-2.916667
34650,Liverpool Bay Terminal,United Kingdom,Irish Sea; North Atlantic Ocean,53.533333,-3.55
34970,Neath,United Kingdom,Bristol Channel; North Atlantic Ocean,51.633333,-3.833333
35240,Newlyn,United Kingdom,English Channel; North Atlantic Ocean,50.1,-5.55
35590,Fawley Marine Terminal,United Kingdom,English Channel; North Atlantic Ocean,50.816667,-1.333333
36620,Concarneau,France,Bay of Biscay; North Atlantic Ocean,47.866667,-3.916667
27540,Himanka,Finland,Gulf of Bothnia; Baltic Sea; North Atlantic Ocean,64,23.65
27590,Kantlax,Finland,Gulf of Bothnia; Baltic Sea; North Atlantic Ocean,63.416667,22.283333
33200,Fort William,United Kingdom,North Atlantic Ocean,56.816667,-5.116667
33390,Greenock,United Kingdom,North Atlantic Ocean,55.95,-4.75
33405,Finnart Oil Terminal,United Kingdom,North Atlantic Ocean,56.116667,-4.833333
33460,Old Kilpatrick,United Kingdom,North Atlantic Ocean,55.916667,-4.466667
33985,Lancaster,United Kingdom,Irish Sea; North Atlantic Ocean,54.05,-2.783333
46446,Oguendjo Terminal,Gabon,South Atlantic Ocean,-1.466667,8.916667
35300,Mevagissey,United Kingdom,English Channel; North Atlantic Ocean,50.266667,-4.783333
35320,Charlestown,United Kingdom,English Channel; North Atlantic Ocean,50.333333,-4.75
35700,Folkestone Harbour,United Kingdom,English Channel; North Atlantic Ocean,51.083333,1.2
35830,Fecamp,France,English Channel; North Atlantic Ocean,49.766667,0.366667
36855,Montoir,France,Bay of Biscay; North Atlantic Ocean,47.3,-2.133333
37350,Bermeo,Spain,Bay of Biscay; North Atlantic Ocean,43.416667,-2.716667
31890,Dunbar,United Kingdom,North Sea; North Atlantic Ocean,56,-2.516667
32830,Aultbea,United Kingdom,North Atlantic Ocean,57.833333,-5.583333
32850,Gairloch,United Kingdom,North Atlantic Ocean,57.716667,-5.683333
32900,Kyle Of Lochalsh,United Kingdom,North Atlantic Ocean,57.283333,-5.716667
38380,Adra,Spain,Mediterranean Sea; North Atlantic Ocean,36.733333,-3.033333
38410,Aguilas,Spain,Mediterranean Sea; North Atlantic Ocean,37.4,-1.566667
34950,Swansea,United Kingdom,Bristol Channel; North Atlantic Ocean,51.616667,-3.95
38160,Santa Cruz De Tenerife,Spain,North Atlantic Ocean,28.466667,-16.233333
35715,Ramsgate,United Kingdom,English Channel; North Atlantic Ocean,51.333333,1.416667
32950,Uig,United Kingdom,North Atlantic Ocean,57.583333,-6.35
34610,Workington,United Kingdom,Irish Sea; North Atlantic Ocean,54.566667,-3.633333
38460,Puerto De Gandia,Spain,Balearic Sea; Mediterranean Sea; North Atlantic Ocean,39,-0.15
31980,Rosyth,United Kingdom,North Sea; North Atlantic Ocean,56.016667,-3.433333
46440,Port Gentil,Gabon,Gulf of Guinea; North Atlantic Ocean,-0.7,8.8
32230,Peterhead,United Kingdom,North Sea; North Atlantic Ocean,57.5,-1.783333
510,Vestmannaeyjar,Iceland,North Atlantic Ocean,63.433333,-20.283333
35880,Port De Caen,France,English Channel; North Atlantic Ocean,49.183333,-0.35
27740,Pori,Finland,Gulf of Bothnia; Baltic Sea; North Atlantic Ocean,61.483333,21.8
32820,Ullapool,United Kingdom,North Atlantic Ocean,57.9,-5.15
31690,Scarborough,United Kingdom,North Sea; North Atlantic Ocean,54.283333,-0.4
32930,Portree Harbor,United Kingdom,North Atlantic Ocean,57.416667,-6.2
34590,Silloth,United Kingdom,Irish Sea; North Atlantic Ocean,54.866667,-3.4
33280,Port Ellen,United Kingdom,North Atlantic Ocean,55.633333,-6.2
37470,Santander,Spain,Bay of Biscay; North Atlantic Ocean,43.466667,-3.783333
35250,Penzance,United Kingdom,English Channel; North Atlantic Ocean,50.116667,-5.533333
27755,Tahkoluoto,Finland,Gulf of Bothnia; Baltic Sea; North Atlantic Ocean,61.633333,21.4
33550,Troon,United Kingdom,North Atlantic Ocean,55.55,-4.683333
38435,Torrevieja,Spain,Mediterranean Sea; North Atlantic Ocean,37.966667,-0.683333
27850,Tolkkinen,Finland,Gulf of Finland; Baltic Sea; North Atlantic Ocean,60.033333,25.583333
31360,Whitstable,United Kingdom,North Sea; North Atlantic Ocean,51.366667,1.033333
31700,Whitby,United Kingdom,North Sea; North Atlantic Ocean,54.483333,-0.616667
28210,Porvoo,Finland,Gulf of Finland; Baltic Sea; North Atlantic Ocean,60.3,25.633333
38940,Saint-Raphael,France,Mediterranean Sea; North Atlantic Ocean,43.416667,6.766667
38398,Puerto De Garrucha,Spain,Mediterranean Sea; North Atlantic Ocean,37.183333,-1.816667
38280,Rota,Spain,North Atlantic Ocean,36.616667,-6.333333
35885,Ouistreham,France,English Channel; North Atlantic Ocean,49.283333,-0.25
33480,Renfrew,United Kingdom,North Atlantic Ocean,55.883333,-4.383333
38150,Santa Cruz De La Palma,Spain,North Atlantic Ocean,28.683333,-17.75
38780,Port-de-Bouc,France,Gulf of Lion; Mediterranean Sea; North Atlantic Ocean,43.4,4.983333
38730,Port-La-Nouvelle,France,Gulf of Lion; Mediterranean Sea; North Atlantic Ocean,43.016667,3.066667
35040,Sharpness,United Kingdom,Bristol Channel; North Atlantic Ocean,51.716667,-2.483333
56590,Pohnpei Harbor,Federated States of Micronesia,North Pacific Ocean,6.983333,158.2
90,Skerjafjordur,Iceland,North Atlantic Ocean,64.15,-22.016667
62400,Imari,Japan,Korea Strait; North Pacific Ocean,33.283333,129.883333
10620,Falmouth,Jamaica,Caribbean Sea; North Atlantic Ocean,18.483333,-77.65
62190,Hososhima Ko,Japan,East China Sea; North Pacific Ocean,32.433333,131.666667
62340,Aokata,Japan,Korea Strait; North Pacific Ocean,32.983333,129.066667
62440,Izuhara,Japan,Korea Strait; North Pacific Ocean,34.2,129.3
61960,Komatsushima,Japan,Sea of Japan; North Pacific Ocean,34.016667,134.6
62333,Matsu-Shima,Japan,East China Sea; North Pacific Ocean,32.933333,129.6
42300,Ormos Mikro Vathi,Greece,Aegean Sea; Mediterranean Sea; North Atlantic Ocean,38.433333,23.6
43120,Rethimnon,Greece,Aegean Sea; Mediterranean Sea; North Atlantic Ocean,35.366667,24.466667
9680,Trujillo,Honduras,Caribbean Sea; North Atlantic Ocean,15.916667,-85.95
43100,Soudha,Greece,Aegean Sea; Mediterranean Sea; North Atlantic Ocean,35.483333,24.183333
42230,Piraievs,Greece,Aegean Sea; Mediterranean Sea; North Atlantic Ocean,37.933333,23.65
1000,Pituffik (Thule Air Base),Greenland,Baffin Bay; Arctic Ocean,76.533333,-68.866667
41010,Rijeka Luka,Croatia,Adriatic Sea; Mediterranean Sea; North Atlantic Ocean,45.333333,14.433333
40880,Umag,Croatia,Adriatic Sea; Mediterranean Sea; North Atlantic Ocean,45.433333,13.516667
51130,Surabaya,Indonesia,Bali Sea; Java Sea; South Pacific Ocean,-7.2,112.733333
61980,Susaki Ko,Japan,Sea of Japan; North Pacific Ocean,33.383333,133.3
62170,Tsukumi Ko,Japan,Korea Strait; North Pacific Ocean,33.083333,131.866667
50060,Pulau Sambu,Indonesia,Strait of Malacca; Indian Ocean,1.166667,103.9
61965,Tachibana,Japan,Sea of Japan; North Pacific Ocean,33.866667,134.666667
50210,Pangkalpinang,Indonesia,Natuna Sea; South China Sea; South Pacific Ocean,-2.116667,106.133333
51502,Udang Oilfield,Indonesia,South China Sea; North Pacific Ocean,4.033333,106.483333
51820,Samarinda,Indonesia,Makassar Strait; South Pacific Ocean,-0.516667,117.116667
48399,Umm Qasr,Iraq,Persian Gulf; Indian Ocean,30.016667,47.95
61760,Sakaiminato,Japan,Sea of Japan; North Pacific Ocean,35.533333,133.233333
50935,Tanjung Sekong,Indonesia,"Indian Ocean, Java Sea; South Pacific Ocean",-5.916667,106
50040,Tanjungpinang,Indonesia,Natuna Sea; South China Sea; South Pacific Ocean,0.916667,104.45
61540,Tanabe Ko,Japan,Sea of Japan; North Pacific Ocean,33.716667,135.366667
62121,Yahata,Japan,Korea Strait; North Pacific Ocean,33.866667,130.816667
40440,Crotone,Italy,Ionian Sea; Mediterranean Sea; North Atlantic Ocean,39.078,17.136
40580,Porto Di Barletta,Italy,Adriatic Sea; Mediterranean Sea; North Atlantic Ocean,41.334,16.292
40530,Bari,Italy,Adriatic Sea; Mediterranean Sea; North Atlantic Ocean,41.146,16.846
40660,Ancona,Italy,Adriatic Sea; Mediterranean Sea; North Atlantic Ocean,43.629,13.494
56550,Apra Harbor,Guam,North Pacific Ocean,13.45,144.616667
48460,Bandar Khomeyni,Iran,Persian Gulf; Indian Ocean,30.433333,49.083333
43165,Kali Limenes,Greece,Mediterranean Sea; North Atlantic Ocean,34.933333,24.833333
41720,Kerkira,Greece,Ionian Sea; Mediterranean Sea; North Atlantic Ocean,39.616667,19.933333
39960,Napoli,Italy,Tyrrhenian Sea; Mediterranean Sea; North Atlantic Ocean,40.833,14.275
39210,Cagliari,Italy,Mediterranean Sea; North Atlantic Ocean,39.19,9.102
34060,Galway,Ireland,North Atlantic Ocean,53.266667,-9.05
42905,Mikonos,Greece,Aegean Sea; Mediterranean Sea; North Atlantic Ocean,37.45,25.333333
50517,Jabung Batanghari Marine Terminal,Indonesia,Natuna Sea; South China Sea; South Pacific Ocean,-0.916667,104.066667
42600,Kavala,Greece,Aegean Sea; Mediterranean Sea; North Atlantic Ocean,40.933333,24.4
39830,Anzio - Nettuno,Italy,Tyrrhenian Sea; Mediterranean Sea; North Atlantic Ocean,41.446,12.637
39860,Gaeta,Italy,Tyrrhenian Sea; Mediterranean Sea; North Atlantic Ocean,41.223,13.577
40550,Molfetta,Italy,Adriatic Sea; Mediterranean Sea; North Atlantic Ocean,41.216667,16.6
42120,Lavrio,Greece,Aegean Sea; Mediterranean Sea; North Atlantic Ocean,37.7,24.066667
51120,Gresik,Indonesia,Bali Sea; Java Sea; South Pacific Ocean,-7.15,112.65
53130,Merauke,Indonesia,Arafura Sea; South Pacific Ocean,-8.483333,140.383333
34110,Limerick,Ireland,North Atlantic Ocean,52.633333,-8.616667
50070,Lalang Marine Terminal,Indonesia,Strait of Malacca; Indian Ocean,1.183333,102.216667
51890,Banjarmasin,Indonesia,Java Sea; South Pacific Ocean,-3.333333,114.583333
61425,Omaezaki Ko,Japan,North Pacific Ocean,34.6,138.233333
61130,Nemuro Ko,Japan,North Pacific Ocean,43.333333,145.583333
61720,Hagi Ko,Japan,Sea of Japan; North Pacific Ocean,34.416667,131.4
61730,Hamada Ko,Japan,Sea of Japan; North Pacific Ocean,34.9,132.083333
42630,Alexandroupoli,Greece,Aegean Sea; Mediterranean Sea; North Atlantic Ocean,40.833333,25.883333
42840,Neon Karlovas,Greece,Aegean Sea; Mediterranean Sea; North Atlantic Ocean,37.8,26.683333
42880,Gavrio,Greece,Aegean Sea; Mediterranean Sea; North Atlantic Ocean,37.883333,24.733333
39190,Arbatax,Italy,Tyrrhenian Sea; Mediterranean Sea; North Atlantic Ocean,39.933333,9.7
39550,Marina Di Carrara,Italy,Ligurian Sea; Mediterranean Sea; North Atlantic Ocean,44.027,10.047
41790,Argostolion,Greece,Mediterranean Sea; North Atlantic Ocean,38.183333,20.516667
41880,Katakolon,Greece,Mediterranean Sea; North Atlantic Ocean,37.65,21.316667
42050,Navplio,Greece,Aegean Sea; Mediterranean Sea; North Atlantic Ocean,37.566667,22.8
42160,Megara Oil Terminal,Greece,Aegean Sea; Mediterranean Sea; North Atlantic Ocean,37.966667,23.4
61790,Miyazu,Japan,Sea of Japan; North Pacific Ocean,35.533333,135.2
61541,Yura,Japan,Sea of Japan; North Pacific Ocean,33.95,135.1
33880,Rathmullan,Ireland,North Atlantic Ocean,55.1,-7.533333
41290,Sibenik,Croatia,Adriatic Sea; Mediterranean Sea; North Atlantic Ocean,43.733333,15.883333
42340,Ormos Aliveriou,Greece,Aegean Sea; Mediterranean Sea; North Atlantic Ocean,38.383333,24.05
42070,Spetses,Greece,Aegean Sea; Mediterranean Sea; North Atlantic Ocean,37.266667,23.166667
41850,Patrai,Greece,Ionian Sea; Mediterranean Sea; North Atlantic Ocean,38.25,21.733333
39610,Vada,Italy,Ligurian Sea; Mediterranean Sea; North Atlantic Ocean,43.35,10.45
40240,Siracusa,Italy,Mediterranean Sea; North Atlantic Ocean,37.05,15.283333
39990,Torre Annunziata,Italy,Tyrrhenian Sea; Mediterranean Sea; North Atlantic Ocean,40.75,14.45
40760,Porto Di Lido-Venezia,Italy,Adriatic Sea; Mediterranean Sea; North Atlantic Ocean,45.416667,12.433333
40040,Salerno,Italy,Tyrrhenian Sea; Mediterranean Sea; North Atlantic Ocean,40.666667,14.75
50330,Palembang,Indonesia,Natuna Sea; South China Sea; South Pacific Ocean,-2.983333,104.766667
10870,Petit Goave,Haiti,Caribbean Sea; North Atlantic Ocean,18.433333,-72.866667
51770,Tanjung Arang  (Bunyu),Indonesia,Celebes Sea; North Pacific Ocean,3.466667,117.833333
50120,Toboali,Indonesia,Java Sea; South Pacific Ocean,-3.016667,106.45
61750,Sakai Ko,Japan,Sea of Japan; North Pacific Ocean,35.55,133.25
51254,Tanjung Benete,Indonesia,Indian Ocean,-8.9,116.75
50700,Pangkalansusu,Indonesia,Strait of Malacca; Indian Ocean,4.116667,98.216667
50380,Panjang,Indonesia,Indian Ocean,-5.466667,105.316667
40130,Porto Di Palermo,Italy,Tyrrhenian Sea; Mediterranean Sea; North Atlantic Ocean,38.119,13.38
39740,Portovecchio Di Piombino,Italy,Tyrrhenian Sea; Mediterranean Sea; North Atlantic Ocean,42.933,10.557
59485,General Santos,Philippines,Celebes Sea; North Pacific Ocean,6.116667,125.183333
59345,Nasipit Port,Philippines,Bohol Sea; Philippine inland seas; North Pacific Ocean,8.983333,125.333333
55695,Alofi,Niue,South Pacific Ocean,-19.033333,-169.933333
55440,Greymouth,New Zealand,Tasman Sea; South Pacific Ocean,-42.433333,171.216667
55400,Bluff Harbor,New Zealand,South Pacific Ocean,-46.6,168.333333
47105,Kilifi,Kenya,Indian Ocean,-3.633333,39.866667
46935,Nacala,Mozambique,Mozambique Channel; Indian Ocean,-14.533333,40.666667
46930,Mocambique,Mozambique,Mozambique Channel; Indian Ocean,-15.033333,40.733333
57320,Noumea,New Caledonia,Coral Sea; South Pacific Ocean,-22.283333,166.433333
56500,Nauru,Nauru,South Pacific Ocean,-0.533333,166.916667
46240,Okwori Terminal,Nigeria,Gulf of Guinea; North Atlantic Ocean,3.85,6.983333
46230,Calabar,Nigeria,Gulf of Guinea; North Atlantic Ocean,4.966667,8.316667
45812,Nouadhibou,Mauritania,North Atlantic Ocean,20.916667,-17.05
45793,Casablanca,Morocco,North Atlantic Ocean,33.6,-7.616667
45297,As Sidr,Libya,Gulf of Sidra; Mediterranean Sea; North Atlantic Ocean,30.633333,18.366667
45295,Al Burayqah,Libya,Gulf of Sidra; Mediterranean Sea; North Atlantic Ocean,30.416667,19.6
44200,Novorossiysk,Russia,Black Sea; North Atlantic Ocean,44.716667,37.783333
43560,Constanta,Romania,Black Sea; North Atlantic Ocean,44.166667,28.65
45950,Buchanan,Liberia,North Atlantic Ocean,5.866667,-10.066667
45940,Monrovia,Liberia,North Atlantic Ocean,6.316667,-10.816667
37990,Lisboa,Portugal,North Atlantic Ocean,38.7,-9.166667
31150,Dordrecht,Netherlands,North Sea; North Atlantic Ocean,51.816667,4.65
31010,Harlingen,Netherlands,North Sea; North Atlantic Ocean,53.183333,5.416667
38130,Funchal,Portugal,North Atlantic Ocean,32.633333,-16.916667
28720,Nowy Port,Poland,Baltic Sea; North Atlantic Ocean,54.416667,18.666667
15990,Ensenada,Mexico,North Pacific Ocean,31.866667,-116.633333
14955,La Pampilla Oil Terminal,Peru,South Pacific Ocean,-11.933333,-77.133333
23115,Moldtustranda,Norway,Norwegian Sea; North Atlantic Ocean,62.3,5.65
23451,Karsto,Norway,North Sea; North Atlantic Ocean,59.266667,5.516667
11090,Aguadilla,Puerto Rico,North Atlantic Ocean,18.433333,-67.15
11290,Mayaguez,Puerto Rico,North Atlantic Ocean,18.2,-67.15
11625,Grand Cul De Sac Bay,Saint Lucia,Caribbean Sea; North Atlantic Ocean,13.983333,-61.016667
30985,Eemshaven,Netherlands,North Sea; North Atlantic Ocean,53.45,6.833333
58100,Jose Panganiban,Philippines,Philippine inland seas; North Pacific Ocean,14.283333,122.683333
59380,Hinatuan,Philippines,Bohol Sea; Philippine inland seas; North Pacific Ocean,8.366667,126.333333
59400,Mati,Philippines,Celebes Sea; North Pacific Ocean,6.95,126.216667
59720,Bugo,Philippines,Bohol Sea; Philippine inland seas; North Pacific Ocean,8.516667,124.75
61060,Moskal Vo,Russia,Sea of Okhotsk; North Pacific Ocean,53.583333,142.5
56835,Kimbe,Papua New Guinea,Bismarck Sea; South Pacific Ocean,-5.133333,150.533333
48357,Mina Ash Shuaybah,Kuwait,Persian Gulf; Indian Ocean,29.033333,48.166667
48370,Al Kuwayt,Kuwait,Persian Gulf; Indian Ocean,29.35,47.933333
47107,Malindi,Kenya,Indian Ocean,-3.216667,40.133333
53250,Madang,Papua New Guinea,Bismarck Sea; South Pacific Ocean,-5.216667,145.816667
57810,Macau,Macau,South China Sea; North Pacific Ocean,22.183333,113.566667
57970,Basco,Philippines,Luzon Strait; North Pacific Ocean,20.45,121.966667
58655,Guiuan,Philippines,Philippine inland seas; North Pacific Ocean,11.033333,125.716667
58670,Catbalogan,Philippines,Philippine inland seas; North Pacific Ocean,11.766667,124.883333
58750,Baybay,Philippines,Philippine inland seas; North Pacific Ocean,10.683333,124.8
62775,Mezen,Russia,White Sea; Barents Sea; Arctic Ocean,65.833333,44.183333
59430,Davao,Philippines,Celebes Sea; North Pacific Ocean,7.066667,125.616667
59770,Basilian City (Isabela),Philippines,Sulu Sea; North Pacific Ocean,6.716667,121.966667
59800,Jolo,Philippines,Sulu Sea; North Pacific Ocean,6.05,121
60860,Okha,Russia,Sea of Okhotsk; North Pacific Ocean,53.55,143
12570,Iquitos,Peru,South Pacific Ocean,-3.75,-73.233333
45240,Darnah,Libya,Mediterranean Sea; North Atlantic Ocean,32.766667,22.65
45335,Az Zawiya,Libya,Mediterranean Sea; North Atlantic Ocean,32.8,12.716667
45785,Kenitra,Morocco,North Atlantic Ocean,34.3,-6.6
45802,Agadir,Morocco,North Atlantic Ocean,30.433333,-9.633333
56400,Majuro Atoll,Marshall Islands,North Pacific Ocean,7.083333,171.383333
14970,Chancay,Peru,South Pacific Ocean,-11.583333,-77.25
15427,Charco Azul,Panama,North Pacific Ocean,8.216667,-82.866667
48338,Al Jubayl,Saudi Arabia,Persian Gulf; Indian Ocean,27.083333,49.666667
48356,Mina Az Zawr,Kuwait,Persian Gulf; Indian Ocean,28.733333,48.4
49980,Muar,Malaysia,Strait of Malacca; Indian Ocean,2.05,102.566667
23450,Kopervik,Norway,North Sea; North Atlantic Ocean,59.283333,5.316667
11250,Las Mareas,Puerto Rico,Caribbean Sea; North Atlantic Ocean,17.95,-66.166667
45800,Essaouira,Morocco,North Atlantic Ocean,31.5,-9.783333
46207,Okrika,Nigeria,Gulf of Guinea; North Atlantic Ocean,4.716667,7.083333
46241,Akpo Oil Terminal,Nigeria,Gulf of Guinea; North Atlantic Ocean,3.133333,6.816667
57485,Kampong Saom,Cambodia,Gulf of Thailand; South China Sea; North Pacific Ocean,10.633333,103.5
46880,Inhambane,Mozambique,Mozambique Channel; Indian Ocean,-23.916667,35.4
47110,Lamu,Kenya,Indian Ocean,-2.266667,40.9
47430,Morondava,Madagascar,Mozambique Channel; Indian Ocean,-20.283333,44.3
47500,Manakara,Madagascar,Indian Ocean,-22.116667,48.05
53150,Daru,Papua New Guinea,Coral Sea; South Pacific Ocean,-9.066667,143.2
53165,Alotoa,Papua New Guinea,Solomon Sea; South Pacific Ocean,-10.316667,150.45
55030,Opua,New Zealand,South Pacific Ocean,-35.316667,174.116667
55330,Akaroa,New Zealand,South Pacific Ocean,-43.8,172.966667
58390,Mariveles,Philippines,South China Sea; North Pacific Ocean,14.433333,120.483333
31020,Den Helder,Netherlands,North Sea; North Atlantic Ocean,52.966667,4.783333
31215,Hansweert,Netherlands,North Sea; North Atlantic Ocean,51.45,4
37980,Figueira Da Foz,Portugal,North Atlantic Ocean,40.15,-8.85
38030,Faro,Portugal,North Atlantic Ocean,37.033333,-7.933333
45955,Cape Palmas,Liberia,North Atlantic Ocean,4.366667,-7.716667
58620,Masbate,Philippines,Philippine inland seas; North Pacific Ocean,12.366667,123.616667
59100,Lazi,Philippines,Bohol Sea; Philippine inland seas; North Pacific Ocean,9.133333,123.633333
60290,Kyomip'o,North Korea,Korea Bay; Yellow Sea; North Pacific Ocean,38.733333,125.616667
61040,Aleksandrovsk -Sakhalinskiy,Russia,Tatar Strait; North Pacific Ocean,50.9,142.133333
44090,Yeysk,Russia,Sea of Azov; Black Sea; North Atlantic Ocean,46.733333,38.266667
45040,Sayda,Lebanon,Mediterranean Sea; North Atlantic Ocean,33.5,35.35
37950,Porto De Leixoes,Portugal,North Atlantic Ocean,41.183333,-8.7
38110,Vila Do Porto,Portugal,North Atlantic Ocean,36.933333,-25.15
44070,Rostov-Na-Donu,Russia,Sea of Azov; Black Sea; North Atlantic Ocean,47.166667,39.716667
44060,Taganrog,Russia,Sea of Azov; Black Sea; North Atlantic Ocean,47.2,38.95
15710,Puerto Madero,Mexico,North Pacific Ocean,14.7,-92.45
11205,Puerto Yabucoa,Puerto Rico,Caribbean Sea; North Atlantic Ocean,18.05,-65.833333
31120,Vlaardingen,Netherlands,North Sea; North Atlantic Ocean,51.9,4.35
40330,Valletta Harbors,Malta,Mediterranean Sea; North Atlantic Ocean,35.9,14.516667
14990,Puerto Supe,Peru,South Pacific Ocean,-10.8,-77.75
23105,Sunndalsora,Norway,Norwegian Sea; North Atlantic Ocean,62.683333,8.55
15423,Vacamonte,Panama,Gulf of Panama; North Pacific Ocean,8.866667,-79.666667
38000,Setubal,Portugal,North Atlantic Ocean,38.516667,-8.9
21690,Stokkmarknes,Norway,Norwegian Sea; North Atlantic Ocean,68.566667,14.916667
38005,Sines,Portugal,North Atlantic Ocean,37.95,-8.866667
31210,Vlissingen,Netherlands,North Sea; North Atlantic Ocean,51.45,3.6
46920,Porto Belo,Mozambique,Mozambique Channel; Indian Ocean,-17.7,37.183333
15730,Salina Cruz,Mexico,North Pacific Ocean,16.166667,-95.2
43570,Sulina,Romania,Black Sea; North Atlantic Ocean,45.166667,29.666667
15917,Pichilingue,Mexico,Gulf of California; North Pacific Ocean,24.266667,-110.333333
31050,Zaandam,Netherlands,North Sea; North Atlantic Ocean,52.433333,4.833333
15460,Puerto Armuelles,Panama,North Pacific Ocean,8.266667,-82.85
15050,Salaverry,Peru,South Pacific Ocean,-8.233333,-78.983333
37940,Viana Do Castelo,Portugal,North Atlantic Ocean,41.7,-8.833333
23835,Sarpsborg,Norway,Skagerrak; North Atlantic Ocean,59.266667,11.1
44240,Sochi,Russia,Black Sea; North Atlantic Ocean,43.583333,39.733333
46910,Quelimane,Mozambique,Mozambique Channel; Indian Ocean,-17.883333,36.883333
58395,Subic Bay,Philippines,South China Sea; North Pacific Ocean,14.8,120.266667
62680,Pevek,Russia,East Siberian Sea; Arctic Ocean,69.716667,170.3
55000,Whangaroa,New Zealand,South Pacific Ocean,-35.05,173.766667
48297,Ras Laffan,Qatar,Persian Gulf; Indian Ocean,25.916667,51.583333
56450,Tarawa Atoll,Kiribati,North Pacific Ocean,1.333333,172.933333
57425,Tapis Marine Terminal A,Malaysia,South China Sea; North Pacific Ocean,5.516667,105.016667
55080,Tauranga,New Zealand,South Pacific Ocean,-37.633333,176.166667
55180,Wanganui,New Zealand,Tasman Sea; South Pacific Ocean,-39.95,175.033333
59820,Siasi,Philippines,Celebes Sea; North Pacific Ocean,5.55,120.816667
59725,Villanueva,Philippines,Bohol Sea; Philippine inland seas; North Pacific Ocean,8.583333,124.766667
59270,Puerto Princesa,Philippines,Sulu Sea; North Pacific Ocean,9.733333,118.733333
55275,Tarakohe,New Zealand,Tasman Sea; South Pacific Ocean,-40.85,172.9
62894,Vitino,Russia,White Sea; Barents Sea; Arctic Ocean,67.083333,32.316667
59780,Port Holland,Philippines,Sulu Sea; North Pacific Ocean,6.55,121.866667
48348,Ras Al Mishab,Saudi Arabia,Persian Gulf; Indian Ocean,28.116667,48.633333
58870,Tagbilaran,Philippines,Philippine inland seas; North Pacific Ocean,9.65,123.85
56810,Rabaul,Papua New Guinea,Bismarck Sea; South Pacific Ocean,-4.2,152.183333
58890,Tubigan,Philippines,Philippine inland seas; North Pacific Ocean,9.95,123.966667
60981,Shakhtersk,Russia,Tatar Strait; North Pacific Ocean,49.166667,142.066667
53170,Samarai,Papua New Guinea,Coral Sea; South Pacific Ocean,-10.616667,150.666667
48349,Ras Al Khafji,Saudi Arabia,Persian Gulf; Indian Ocean,28.433333,48.583333
59530,Pagadian,Philippines,Celebes Sea; North Pacific Ocean,7.833333,123.433333
60431,Tonghae,South Korea,Sea of Japan; North Pacific Ocean,37.533333,129.15
47750,Port Mathurin,Mauritius,Indian Ocean,-19.683333,63.416667
55770,Vaitape,French Polynesia,South Pacific Ocean,-16.5,-151.75
60880,Poronaysk,Russia,Sea of Okhotsk; North Pacific Ocean,49.216667,143.133333
60582,Zarubino,Russia,Sea of Japan; North Pacific Ocean,42.633333,131.083333
53282,Vanimo,Papua New Guinea,South Pacific Ocean,-2.683333,141.133333
56738,Wewak Harbor,Papua New Guinea,Bismarck Sea; South Pacific Ocean,-3.566667,143.633333
60325,Pyeongtaek Hang,South Korea,Yellow Sea; North Pacific Ocean,37,126.8
49825,Port Langkawi,Malaysia,Strait of Malacca; Indian Ocean,6.433333,99.766667
58770,Ormoc,Philippines,Philippine inland seas; North Pacific Ocean,11,124.6
53160,Port Moresby,Papua New Guinea,Coral Sea; South Pacific Ocean,-9.466667,147.133333
58205,Sorsogon,Philippines,Philippine inland seas; North Pacific Ocean,12.966667,124
59500,Polloc (Cotabato),Philippines,Celebes Sea; North Pacific Ocean,7.35,124.216667
48340,Ras  Tannurah,Saudi Arabia,Persian Gulf; Indian Ocean,26.633333,50.166667
8225,Annapolis,United States,North Atlantic Ocean,38.983333,-76.483333
8210,Baltimore,United States,North Atlantic Ocean,39.266667,-76.583333
8130,Camden,United States,North Atlantic Ocean,39.95,-75.133333
8080,Chester,United States,North Atlantic Ocean,39.85,-75.35
7810,Newark,United States,North Atlantic Ocean,40.7,-74.15
7790,Bayonne,United States,North Atlantic Ocean,40.683333,-74.1
7770,Hoboken,United States,North Atlantic Ocean,40.75,-74.016667
7610,Greenwich,United States,North Atlantic Ocean,41.016667,-73.616667
7570,Bridgeport,United States,North Atlantic Ocean,41.166667,-73.183333
7400,Fall River,United States,North Atlantic Ocean,41.7,-71.166667
7720,Albany,United States,North Atlantic Ocean,42.65,-73.75
46690,Jamestown,"Saint Helena, Ascension, and Tristan da Cunha",South Atlantic Ocean,-15.916667,-5.716667
56280,Honolulu,United States,North Pacific Ocean,21.3,-157.866667
47820,Berbera,Somalia,Gulf of Aden; Indian Ocean,10.45,45.016667
57120,Honiara,Solomon Islands,Solomon Sea; South Pacific Ocean,-9.416667,159.95
56970,Gizo Harbor,Solomon Islands,Solomon Sea; South Pacific Ocean,-8.1,156.85
45400,Mahdia,Tunisia,Mediterranean Sea; North Atlantic Ocean,35.5,11.066667
44870,Botas,Turkey,Mediterranean Sea; North Atlantic Ocean,36.883333,35.933333
50000,Keppel - (East Singapore),Singapore,Strait of Malacca; Indian Ocean,1.283333,103.85
44010,Mariupol,Ukraine,Sea of Azov; Black Sea; North Atlantic Ocean,47.083333,37.566667
44000,Berdyansk,Ukraine,Sea of Azov; Black Sea; North Atlantic Ocean,46.75,36.783333
40860,Koper,Slovenia,Adriatic Sea; Mediterranean Sea; North Atlantic Ocean,45.55,13.733333
45867,Bonthe,Sierra Leone,North Atlantic Ocean,7.533333,-12.5
6940,Camden,United States,North Atlantic Ocean,44.216667,-69.066667
7340,Edgartown,United States,North Atlantic Ocean,41.383333,-70.5
6900,Bangor,United States,North Atlantic Ocean,44.8,-68.766667
6860,Castine,United States,North Atlantic Ocean,44.383333,-68.733333
19800,Anchorage,United States,Cook Inlet; Gulf of Alaska; North Pacific Ocean,61.216667,-149.9
19640,Cordova,United States,Gulf of Alaska; North Pacific Ocean,60.55,-145.766667
19480,Chatham,United States,Alaska-Canada coastal waters; North Pacific Ocean,57.516667,-134.933333
18055,Cherry Point,United States,Alaska-Canada coastal waters; North Pacific Ocean,48.866667,-122.75
18050,Bellingham,United States,Alaska-Canada coastal waters; North Pacific Ocean,48.75,-122.5
17060,Aberdeen,United States,North Pacific Ocean,46.983333,-123.816667
16850,Astoria,United States,North Pacific Ocean,46.2,-123.833333
16700,Crescent City,United States,North Pacific Ocean,41.75,-124.2
16670,Eureka,United States,North Pacific Ocean,40.8,-124.183333
16630,Bodega Bay,United States,North Pacific Ocean,38.333333,-123.05
4790,Calumet Harbor,United States,Lake Michigan; Great Lakes,41.733333,-87.516667
4710,Holland,United States,Lake Michigan; Great Lakes,42.783333,-86.133333
4700,Grand Haven,United States,Lake Michigan; Great Lakes,43.066667,-86.233333
4640,Frankfort,United States,Lake Michigan; Great Lakes,44.633333,-86.25
20290,Clarks Point,United States,Bristol Bay; Bering Sea; North Pacific Ocean,58.85,-158.55
16470,Benicia,United States,North Pacific Ocean,38.05,-122.15
16050,Avalon,United States,North Pacific Ocean,33.35,-118.316667
9340,Brownsville,United States,Gulf of Mexico; North Atlantic Ocean,25.95,-97.4
9150,Galveston,United States,Gulf of Mexico; North Atlantic Ocean,29.316667,-94.783333
9140,Beaumont,United States,Gulf of Mexico; North Atlantic Ocean,30.083333,-94.083333
8970,Baton Rouge,United States,Gulf of Mexico; North Atlantic Ocean,30.45,-91.183333
8720,Carrabelle,United States,Gulf of Mexico; North Atlantic Ocean,29.85,-84.666667
8660,Key West,United States,Gulf of Mexico; North Atlantic Ocean,24.55,-81.816667
8600,Fort Pierce,United States,North Atlantic Ocean,27.466667,-80.316667
8570,Mayport,United States,North Atlantic Ocean,30.4,-81.433333
8560,Fernandina Beach,United States,North Atlantic Ocean,30.683333,-81.466667
8380,Belhaven,United States,North Atlantic Ocean,35.616667,-76.616667
8325,Elizabeth City,United States,North Atlantic Ocean,36.3,-76.216667
4420,Alabaster,United States,Lake Huron; Great Lakes,44.183333,-83.55
4400,Bay City,United States,Lake Huron; Great Lakes,43.6,-83.866667
3470,Ashtabula,United States,Lake Erie; Great Lakes,41.9,-80.8
3460,Conneaut,United States,Lake Erie; Great Lakes,41.966667,-80.55
3440,Dunkirk,United States,Lake Erie; Great Lakes,42.483333,-79.333333
19550,Dupont,United States,Alaska-Canada coastal waters; North Pacific Ocean,58.233333,-134.266667
6630,Machias,United States,North Atlantic Ocean,44.716667,-67.466667
43670,Mykolayiv,Ukraine,Black Sea; North Atlantic Ocean,46.95,31.983333
44790,Bodrum,Turkey,Aegean Sea; Mediterranean Sea; North Atlantic Ocean,37.033333,27.433333
47000,Kilwa Kivinje,Tanzania,Indian Ocean,-8.733333,39.416667
8140,Burlington,United States,North Atlantic Ocean,40.083333,-74.866667
16280,Davenport,United States,North Pacific Ocean,37.016667,-122.2
8420,Beaufort,United States,North Atlantic Ocean,34.716667,-76.666667
16145,Carpinteria,United States,North Pacific Ocean,34.383333,-119.516667
16440,Crockett,United States,North Pacific Ocean,38.05,-122.216667
20300,Dillingham,United States,Bristol Bay; Bering Sea; North Pacific Ocean,59.033333,-158.483333
50017,Jurong Island,Singapore,Strait of Malacca; Indian Ocean,1.283333,103.733333
57440,Erawan Terminal,Thailand,Gulf of Thailand; South China Sea; North Pacific Ocean,9.1,101.35
5370,Houghton,United States,Lake Superior; Great Lakes,47.116667,-88.566667
6700,Bar Harbor,United States,North Atlantic Ocean,44.383333,-68.2
24720,Figeholm,Sweden,Baltic Sea; North Atlantic Ocean,57.366667,16.5
24900,Farosund,Sweden,Baltic Sea; North Atlantic Ocean,57.916667,19.05
26310,Gustavsvik,Sweden,Gulf of Bothnia; Baltic Sea; North Atlantic Ocean,62.833333,17.883333
26380,Kramfors,Sweden,Gulf of Bothnia; Baltic Sea; North Atlantic Ocean,62.933333,17.8
26720,Domsjo,Sweden,Gulf of Bothnia; Baltic Sea; North Atlantic Ocean,63.266667,18.733333
26790,Husum,Sweden,Gulf of Bothnia; Baltic Sea; North Atlantic Ocean,63.333333,19.15
55610,Neiafu,Tonga,South Pacific Ocean,-18.65,-173.983333
55617,Funafuti Atoll,Tuvalu,South Pacific Ocean,-8.516667,179.133333
57910,Hua-Lien Kang,Taiwan,Taiwan Strait; North Pacific Ocean,23.983333,121.6
44622,Gebze,Turkey,Sea of Marmara; Mediterranean Sea; North Atlantic Ocean,40.766667,29.55
44740,Dikili,Turkey,Aegean Sea; Mediterranean Sea; North Atlantic Ocean,39.016667,26.816667
45368,Didon Terminal,Tunisia,Mediterranean Sea; North Atlantic Ocean,33.783333,11.9
45375,Gabes,Tunisia,Mediterranean Sea; North Atlantic Ocean,33.9,10.116667
45420,La Goulette,Tunisia,Mediterranean Sea; North Atlantic Ocean,36.8,10.3
15640,Acajutla,El Salvador,North Pacific Ocean,13.583333,-89.833333
16770,Coos Bay,United States,North Pacific Ocean,43.366667,-124.216667
16795,Gardiner,United States,North Pacific Ocean,43.716667,-124.1
6600,Eastport,United States,Bay of Fundy; North Atlantic Ocean,44.9,-66.983333
6620,Machiasport,United States,North Atlantic Ocean,44.7,-67.4
43625,Izmayil,Ukraine,Black Sea; North Atlantic Ocean,45.333333,28.85
49794,Khanom,Thailand,Gulf of Thailand; South China Sea; North Pacific Ocean,9.2,99.9
44660,Erdek,Turkey,Sea of Marmara; Mediterranean Sea; North Atlantic Ocean,40.383333,27.8
44730,Ayvalik,Turkey,Aegean Sea; Mediterranean Sea; North Atlantic Ocean,39.316667,26.7
44752,Nemrut Limani Bay,Turkey,Aegean Sea; Mediterranean Sea; North Atlantic Ocean,38.766667,26.916667
7440,Davisville Depot,United States,North Atlantic Ocean,41.616667,-71.4
8000,Barnegat,United States,North Atlantic Ocean,39.766667,-74.1
4370,Harbor Beach,United States,Lake Huron; Great Lakes,43.85,-82.65
9235,Deer Park,United States,Gulf of Mexico; North Atlantic Ocean,29.75,-95.333333
44810,Fethiye,Turkey,Mediterranean Sea; North Atlantic Ocean,36.633333,29.1
23905,Bovallstrand,Sweden,Skagerrak; North Atlantic Ocean,58.483333,11.333333
25190,Norrkoping,Sweden,Baltic Sea; North Atlantic Ocean,58.583333,16.2
26810,Nordmaling,Sweden,Gulf of Bothnia; Baltic Sea; North Atlantic Ocean,63.566667,19.483333
26880,Obbola,Sweden,Gulf of Bothnia; Baltic Sea; North Atlantic Ocean,63.7,20.333333
43334,Aliaga,Turkey,Aegean Sea; Mediterranean Sea; North Atlantic Ocean,38.833333,26.933333
8180,Cape Charles,United States,North Atlantic Ocean,37.266667,-76.016667
18070,Blaine,United States,Alaska-Canada coastal waters; North Pacific Ocean,49,-122.75
26290,Utansjo,Sweden,Gulf of Bothnia; Baltic Sea; North Atlantic Ocean,62.766667,17.933333
45430,Tunis,Tunisia,Mediterranean Sea; North Atlantic Ocean,36.8,10.25
40870,Piran,Slovenia,Adriatic Sea; Mediterranean Sea; North Atlantic Ocean,45.533333,13.566667
25380,Stockholm,Sweden,Baltic Sea; North Atlantic Ocean,59.333333,18.05
25700,Sandarne,Sweden,Gulf of Bothnia; Baltic Sea; North Atlantic Ocean,61.266667,17.183333
17020,Raymond,United States,North Pacific Ocean,46.683333,-123.733333
45365,Zarzis,Tunisia,Mediterranean Sea; North Atlantic Ocean,33.5,11.116667
27330,Sandvik,Sweden,Gulf of Bothnia; Baltic Sea; North Atlantic Ocean,65.733333,23.766667
25800,Stocka,Sweden,Gulf of Bothnia; Baltic Sea; North Atlantic Ocean,61.9,17.35
44801,Toros Gubre,Turkey,Mediterranean Sea; North Atlantic Ocean,36.916667,35.966667
45410,Sousse,Tunisia,Mediterranean Sea; North Atlantic Ocean,35.833333,10.65
45432,Rades,Tunisia,Mediterranean Sea; North Atlantic Ocean,36.816667,10.3
17010,South Bend,United States,North Pacific Ocean,46.666667,-123.783333
12410,Paramaribo,Suriname,North Atlantic Ocean,5.833333,-55.166667
43925,Reni,Ukraine,Black Sea; North Atlantic Ocean,45.433333,28.3
25060,Vastervik,Sweden,Baltic Sea; North Atlantic Ocean,57.766667,16.65
25900,Stockvik,Sweden,Gulf of Bothnia; Baltic Sea; North Atlantic Ocean,62.333333,17.383333
25050,Verkeback,Sweden,Baltic Sea; North Atlantic Ocean,57.733333,16.533333
57070,Yandina,Solomon Islands,Solomon Sea; South Pacific Ocean,-9.083333,159.216667
57435,Pattani,Thailand,Gulf of Thailand; South China Sea; North Pacific Ocean,6.95,101.3
57461,Siam Seaport,Thailand,Gulf of Thailand; South China Sea; North Pacific Ocean,13.133333,100.883333
7820,Elizabethport,United States,North Atlantic Ocean,40.65,-74.183333
7780,Jersey City,United States,North Atlantic Ocean,40.716667,-74.033333
7550,New Haven,United States,North Atlantic Ocean,41.233333,-72.916667
7500,New London,United States,North Atlantic Ocean,41.35,-72.083333
7480,Noank,United States,North Atlantic Ocean,41.316667,-71.983333
8070,Marcus Hook,United States,North Atlantic Ocean,39.816667,-75.416667
8300,Newport News,United States,North Atlantic Ocean,36.966667,-76.433333
56180,Kahului,United States,North Pacific Ocean,20.9,-156.466667
57620,Nha Trang,Vietnam,South China Sea; North Pacific Ocean,12.25,109.233333
7380,Newport,United States,North Atlantic Ocean,41.5,-71.333333
7170,Kennebunkport,United States,North Atlantic Ocean,43.366667,-70.466667
7040,Boothbay Harbor,United States,North Atlantic Ocean,43.866667,-69.583333
6640,Jonesport,United States,North Atlantic Ocean,44.533333,-67.616667
6610,Lubec,United States,Bay of Fundy; North Atlantic Ocean,44.866667,-66.983333
19580,Juneau,United States,Alaska-Canada coastal waters; North Pacific Ocean,58.3,-134.416667
19520,Hawk Inlet,United States,Alaska-Canada coastal waters; North Pacific Ocean,58.116667,-134.75
17660,Olympia,United States,Alaska-Canada coastal waters; North Pacific Ocean,47.05,-122.9
17430,Bremerton,United States,Alaska-Canada coastal waters; North Pacific Ocean,47.566667,-122.65
16900,Longview,United States,North Pacific Ocean,46.133333,-122.933333
16820,Newport,United States,North Pacific Ocean,44.633333,-124.05
13150,Nueva Palmira,Uruguay,Rio de la Plata; South Atlantic Ocean,-33.883333,-58.416667
4920,Algoma,United States,Lake Michigan; Great Lakes,44.6,-87.433333
4910,Kewaunee,United States,Lake Michigan; Great Lakes,44.466667,-87.5
4860,Milwaukee,United States,Lake Michigan; Great Lakes,43.033333,-87.883333
4670,Ludington,United States,Lake Michigan; Great Lakes,43.95,-86.45
4590,Harbor Springs,United States,Lake Michigan; Great Lakes,45.433333,-84.983333
20400,Nome,United States,Bering Sea; North Pacific Ocean,64.5,-165.416667
11310,Charlotte Amalie,U.S. Virgin Islands,Caribbean Sea; North Atlantic Ocean,18.35,-64.933333
16340,Oakland,United States,North Pacific Ocean,37.816667,-122.333333
16240,Monterey,United States,North Pacific Ocean,36.616667,-121.883333
16210,Morro Bay,United States,North Pacific Ocean,35.366667,-120.85
16070,Long Beach,United States,North Pacific Ocean,33.766667,-118.183333
8860,New Orleans,United States,Gulf of Mexico; North Atlantic Ocean,29.95,-90.05
8820,Madisonville,United States,Gulf of Mexico; North Atlantic Ocean,30.4,-90.15
8770,Mobile,United States,Gulf of Mexico; North Atlantic Ocean,30.683333,-88.116667
8640,Miami,United States,North Atlantic Ocean,25.783333,-80.183333
8580,Jacksonville,United States,North Atlantic Ocean,30.316667,-81.65
8500,Charleston,United States,North Atlantic Ocean,32.783333,-79.916667
16330,Alameda,United States,North Pacific Ocean,37.783333,-122.266667
8430,Morehead City,United States,North Atlantic Ocean,34.716667,-76.7
8370,Columbia,United States,North Atlantic Ocean,35.916667,-76.25
8340,Edenton,United States,North Atlantic Ocean,36.05,-76.616667
3500,Lorain,United States,Lake Erie; Great Lakes,41.466667,-82.183333
3450,Erie,United States,Lake Erie; Great Lakes,42.15,-80.1
56300,Nawiliwili Bay,United States,North Pacific Ocean,21.95,-159.35
12280,Caripito,Venezuela,Caribbean Sea; North Atlantic Ocean,10.15,-63.033333
57650,Da Nang,Vietnam,South China Sea; North Pacific Ocean,16.1,108.216667
13100,La Paloma,Uruguay,South Atlantic Ocean,-34.65,-54.15
13140,Colonia,Uruguay,Rio de la Plata; South Atlantic Ocean,-34.466667,-57.85
13160,Fray Bentos,Uruguay,Rio de la Plata; South Atlantic Ocean,-33.116667,-58.316667
7240,Lynn,United States,North Atlantic Ocean,42.45,-70.95
57660,Nghe Tinh,Vietnam,Gulf of Tonkin; South China Sea; North Pacific Ocean,18.766667,105.766667
4530,Mackinac Island,United States,Lake Huron; Great Lakes,45.85,-84.616667
5100,Manistique,United States,Lake Michigan; Great Lakes,45.95,-86.25
13120,Montevideo,Uruguay,South Atlantic Ocean,-34.9,-56.216667
16750,North Bend,United States,North Pacific Ocean,43.4,-124.216667
19375,Little Port Walter,United States,Alaska-Canada coastal waters; North Pacific Ocean,56.383333,-134.633333
8940,Destrehan,United States,Gulf of Mexico; North Atlantic Ocean,29.95,-90.366667
16360,Berkeley,United States,North Pacific Ocean,37.866667,-122.3
11335,Limetree Bay,U.S. Virgin Islands,Caribbean Sea; North Atlantic Ocean,17.7,-64.75
57575,Cat Lai,Vietnam,South China Sea; North Pacific Ocean,10.75,106.783333
55650,Mata-Utu,Wallis and Futuna,South Pacific Ocean,-13.283333,-176.133333
57710,Cam Pha,Vietnam,Gulf of Tonkin; South China Sea; North Pacific Ocean,21.033333,107.366667
7230,Marblehead,United States,North Atlantic Ocean,42.5,-70.85
11336,Port Alucroix,U.S. Virgin Islands,Caribbean Sea; North Atlantic Ocean,17.7,-64.766667
17440,Port Orchard,United States,Alaska-Canada coastal waters; North Pacific Ocean,47.533333,-122.633333
6810,Stonington,United States,North Atlantic Ocean,44.15,-68.666667
16950,Vancouver,United States,North Pacific Ocean,45.633333,-122.683333
7270,Scituate,United States,North Atlantic Ocean,42.2,-70.716667
9330,Port Isabel,United States,Gulf of Mexico; North Atlantic Ocean,26.083333,-97.2
20220,Pilot Point,United States,Bristol Bay; Bering Sea; North Pacific Ocean,57.566667,-157.6
8700,Tarpon Springs,United States,Gulf of Mexico; North Atlantic Ocean,28.15,-82.766667
7180,Portsmouth,United States,North Atlantic Ocean,43.083333,-70.75
9270,Port Lavaca,United States,Gulf of Mexico; North Atlantic Ocean,28.616667,-96.616667
16300,San Francisco,United States,North Pacific Ocean,37.816667,-122.416667
9160,Texas City,United States,Gulf of Mexico; North Atlantic Ocean,29.383333,-94.916667
7225,Salem,United States,North Atlantic Ocean,42.516667,-70.883333
3170,Oswego,United States,Lake Ontario; Great Lakes,43.466667,-76.516667
8760,Pensacola,United States,Gulf of Mexico; North Atlantic Ocean,30.4,-87.216667
16150,Santa Barbara,United States,North Pacific Ocean,34.416667,-119.683333
9060,Sabine Pass,United States,Gulf of Mexico; North Atlantic Ocean,29.733333,-93.9
6960,Rockland,United States,North Atlantic Ocean,44.1,-69.1
4850,Racine,United States,Lake Michigan; Great Lakes,42.733333,-87.783333
16010,San Diego,United States,North Pacific Ocean,32.716667,-117.183333
17730,Seattle,United States,Alaska-Canada coastal waters; North Pacific Ocean,47.6,-122.333333
7260,Quincy,United States,North Atlantic Ocean,42.25,-70.966667
6890,Winterport,United States,North Atlantic Ocean,44.633333,-68.85
9100,Port Neches,United States,Gulf of Mexico; North Atlantic Ocean,30,-93.95
17030,Willapa Harbor,United States,North Pacific Ocean,46.683333,-123.75
19470,Tenakee Springs,United States,Alaska-Canada coastal waters; North Pacific Ocean,57.783333,-135.2
7200,Rockport,United States,North Atlantic Ocean,42.666667,-70.616667
7350,Vineyard Haven,United States,North Atlantic Ocean,41.45,-70.6
4880,Sheboygan,United States,Lake Michigan; Great Lakes,43.75,-87.7
17700,Tacoma,United States,Alaska-Canada coastal waters; North Pacific Ocean,47.283333,-122.416667
16730,Prosper,United States,North Pacific Ocean,43.15,-124.366667
16880,Westport,United States,North Pacific Ocean,46.133333,-123.383333
17160,Port Townsend,United States,Alaska-Canada coastal waters; North Pacific Ocean,48.116667,-122.75
16840,Warrenton,United States,North Pacific Ocean,46.166667,-123.916667
19250,Waterfall,United States,Alaska-Canada coastal waters; North Pacific Ocean,55.3,-133.233333
9290,Rockport,United States,Gulf of Mexico; North Atlantic Ocean,28.016667,-97.05
4830,Waukegan,United States,Lake Michigan; Great Lakes,42.366667,-87.816667
46780,Simonstown,South Africa,South Atlantic Ocean,-34.185,18.43666667
4410,Saginaw,United States,Lake Huron; Great Lakes,43.433333,-83.933333
16320,Redwood City,United States,North Pacific Ocean,37.533333,-122.2
7150,Portland,United States,North Atlantic Ocean,43.666667,-70.25
16420,South Vallejo,United States,North Pacific Ocean,38.083333,-122.25
8470,Wilmington,United States,North Atlantic Ocean,34.233333,-77.95
9050,Sabine,United States,Gulf of Mexico; North Atlantic Ocean,29.716667,-93.866667
4460,Oscoda,United States,Lake Huron; Great Lakes,44.416667,-83.316667
8780,Pascagoula,United States,Gulf of Mexico; North Atlantic Ocean,30.35,-88.566667
16890,Rainier,United States,North Pacific Ocean,46.083333,-122.933333
16940,Portland,United States,North Pacific Ocean,45.516667,-122.666667
4730,South Haven,United States,Lake Michigan; Great Lakes,42.4,-86.283333
4870,Port Washington,United States,Lake Michigan; Great Lakes,43.383333,-87.866667
19590,Skagway,United States,Alaska-Canada coastal waters; North Pacific Ocean,59.45,-135.333333
12330,Palua,Venezuela,Caribbean Sea; North Atlantic Ocean,8.366667,-62.683333
5450,Superior,United States,Lake Superior; Great Lakes,46.733333,-92.066667
8750,Panama City,United States,Gulf of Mexico; North Atlantic Ocean,30.133333,-85.65
4680,White Lake,United States,Lake Michigan; Great Lakes,43.383333,-86.35
17750,Point Wells,United States,Alaska-Canada coastal waters; North Pacific Ocean,47.783333,-122.4
19670,Valdez,United States,Gulf of Alaska; North Pacific Ocean,61.116667,-146.25
6870,Sandypoint,United States,North Atlantic Ocean,44.516667,-68.816667
7160,Saco,United States,North Atlantic Ocean,43.5,-70.45
3220,Youngstown,United States,Lake Erie; Great Lakes,43.25,-79.05
57570,Vung Tau,Vietnam,South China Sea; North Pacific Ocean,10.35,107.066667
7470,Stonington,United States,North Atlantic Ocean,41.333333,-71.9
8227,Solomons Island,United States,North Atlantic Ocean,38.316667,-76.45
8260,West Point,United States,North Atlantic Ocean,37.533333,-76.8
16680,Samoa,United States,North Pacific Ocean,40.816667,-124.183333
7930,Port Reading,United States,North Atlantic Ocean,40.566667,-74.233333
7620,Port Chester,United States,North Atlantic Ocean,41,-73.666667
7420,Providence,United States,North Atlantic Ocean,41.8,-71.4
7970,Sayreville,United States,North Atlantic Ocean,40.466667,-74.366667
57230,Port Vila,Vanuatu,Coral Sea; South Pacific Ocean,-17.733333,168.316667
7960,Perth Amboy,United States,North Atlantic Ocean,40.5,-74.266667
8250,Yorktown,United States,North Atlantic Ocean,37.233333,-76.5
7641,Patchogue,United States,North Atlantic Ocean,40.75,-73.016667
7750,Edgewater,United States,North Atlantic Ocean,40.816667,-73.983333
57470,Ko Si Chang Terminal,Thailand,Gulf of Thailand; South China Sea; North Pacific Ocean,13.166667,100.816667
48325,Mina Salman,Bahrain,Persian Gulf; Indian Ocean,26.2,50.633333
18040,Anacortes,United States,Alaska-Canada coastal waters; North Pacific Ocean,48.516667,-122.616667
12775,Madre De Deus,Brazil,South Atlantic Ocean,-12.75,-38.616667
2720,Gananoque,Canada,Lake Ontario; Great Lakes,44.333333,-76.166667
5260,Grand Marais,United States,Lake Superior; Great Lakes,46.683333,-85.966667
6780,Ellsworth,United States,North Atlantic Ocean,44.55,-68.416667
53710,Jervis Bay,Australia,Tasman Sea; South Pacific Ocean,-35.116667,150.8
6740,Frenchboro,United States,North Atlantic Ocean,44.116667,-68.366667
53750,Batemans Bay,Australia,Tasman Sea; South Pacific Ocean,-35.7,150.166667
13050,Laguna,Brazil,South Atlantic Ocean,-28.5,-48.783333
19370,Big Port Walter,United States,Alaska-Canada coastal waters; North Pacific Ocean,56.383333,-134.733333
19790,Kenai,United States,Cook Inlet; Gulf of Alaska; North Pacific Ocean,60.55,-151.266667
48392,Al-Basra Oil Terminal,Iraq,Persian Gulf; Indian Ocean,29.683333,48.816667
2110,La Baie (Port Alfred),Canada,Gulf of Saint Lawrence; North Atlantic Ocean,48.333333,-70.883333
45660,Beni Saf,Algeria,Mediterranean Sea; North Atlantic Ocean,35.3,-1.383333
46487,Malongo Oil Terminal,Angola,South Atlantic Ocean,-5.433333,12.083333
48277,Jazirat Das,United Arab Emirates,Persian Gulf; Indian Ocean,25.15,52.866667
12760,Port De Aracaju,Brazil,South Atlantic Ocean,-10.916667,-37.05
12485,Porto Santana,Brazil,South Atlantic Ocean,-0.05,-51.183333
12750,Porto De Maceio,Brazil,South Atlantic Ocean,-9.666667,-35.733333
45910,Porto Da Praia,Cabo Verde,North Atlantic Ocean,14.916667,-23.516667
12770,Port De Salvador,Brazil,South Atlantic Ocean,-12.966667,-38.516667
13950,Puerto Santa Cruz,Argentina,South Atlantic Ocean,-50.016667,-68.516667
13060,Rio Grande,Brazil,South Atlantic Ocean,-32.05,-52.083333
12510,Santarem,Brazil,South Atlantic Ocean,-2.416667,-54.716667
12910,Porto Do Forno,Brazil,South Atlantic Ocean,-22.966667,-42.016667
19900,Uyak,United States,Gulf of Alaska; North Pacific Ocean,57.633333,-154
46550,Porto Do Ambriz,Angola,South Atlantic Ocean,-7.833333,13.1
37290,Puerto De Pasajes,Spain,Bay of Biscay; North Atlantic Ocean,43.333333,-1.933333
12810,Port Of Ilheus,Brazil,South Atlantic Ocean,-14.783333,-39.016667
11430,St Johns,Antigua and Barbuda,Caribbean Sea; North Atlantic Ocean,17.116667,-61.85
4810,Wilmette,United States,Lake Michigan; Great Lakes,42.083333,-87.683333
49620,Sittwe,Burma,Bay of Bengal; Indian Ocean,20.133333,92.9
8240,Alexandria,United States,North Atlantic Ocean,38.8,-77.033333
7910,Carteret,United States,North Atlantic Ocean,40.583333,-74.216667
7640,New York City,United States,North Atlantic Ocean,40.7,-74.016667
7630,Brooklyn,United States,North Atlantic Ocean,40.666667,-74.016667
7625,City Island,United States,North Atlantic Ocean,40.85,-73.783333
62950,Murmansk,Russia,Barents Sea; Arctic Ocean,68.983333,33.05
62360,Nagasaki,Japan,East China Sea; North Pacific Ocean,32.716667,129.85
62280,Misumi Ko,Japan,East China Sea; North Pacific Ocean,32.6,130.466667
62220,Kagoshima Ko,Japan,East China Sea; North Pacific Ocean,31.583333,130.566667
62150,Beppu,Japan,Korea Strait; North Pacific Ocean,33.316667,131.516667
62145,Kanda,Japan,Korea Strait; North Pacific Ocean,33.783333,131.016667
62140,Moji Ko,Japan,Korea Strait; North Pacific Ocean,33.95,130.966667
62080,Niihama,Japan,Sea of Japan; North Pacific Ocean,33.983333,133.283333
62065,Muturezima Ko,Japan,Korea Strait; North Pacific Ocean,33.966667,130.866667
61870,Niigata Ko,Japan,Sea of Japan; North Pacific Ocean,37.916667,139.05
61800,Maizuru Ko,Japan,Sea of Japan; North Pacific Ocean,35.516667,135.333333
61640,Kure,Japan,Sea of Japan; North Pacific Ocean,34.233333,132.55
61617,Habu Ko,Japan,Sea of Japan; North Pacific Ocean,34.283333,133.183333
61590,Hibi Ko,Japan,Sea of Japan; North Pacific Ocean,34.45,133.933333
61570,Aioi,Japan,Sea of Japan; North Pacific Ocean,34.783333,134.466667
61567,Himeji,Japan,Sea of Japan; North Pacific Ocean,34.75,134.633333
61560,Kobe,Japan,Sea of Japan; North Pacific Ocean,34.65,135.183333
61190,Hakodate Ko,Japan,North Pacific Ocean,41.783333,140.716667
59190,Iloilo,Philippines,Philippine inland seas; North Pacific Ocean,10.7,122.583333
58960,Cebu,Philippines,Philippine inland seas; North Pacific Ocean,10.3,123.9
58410,Masinloc,Philippines,South China Sea; North Pacific Ocean,15.55,119.95
57840,Hong Kong,Hong Kong,South China Sea; North Pacific Ocean,22.266667,114.2
57680,Hai Phong,Vietnam,Gulf of Tonkin; South China Sea; North Pacific Ocean,20.916667,106.683333
55670,Apia,Samoa,South Pacific Ocean,-13.816667,-171.766667
54500,Bunbury,Australia,Indian Ocean,-33.316667,115.633333
61372,Kisarazu Ko,Japan,North Pacific Ocean,35.366667,139.883333
61320,Ofunato,Japan,North Pacific Ocean,39.05,141.733333
61290,Miyako,Japan,North Pacific Ocean,39.633333,141.983333
52065,Bitung,Indonesia,Molucca Sea; North Pacific Ocean,1.433333,125.183333
51845,Lawi Lawi Oil Terminal,Indonesia,Makassar Strait; South Pacific Ocean,-1.45,116.766667
51840,Balikpapan,Indonesia,Makassar Strait; South Pacific Ocean,-1.25,116.816667
51620,Muara Harbor,Brunei,South China Sea; North Pacific Ocean,5.033333,115.066667
51600,Lutong,Malaysia,South China Sea; North Pacific Ocean,4.466667,114
48300,Al Rayyan Terminal,Qatar,Persian Gulf; Indian Ocean,26.65,51.55
48290,Doha,Qatar,Persian Gulf; Indian Ocean,25.283333,51.533333
48265,Fateh Oil Terminal,United Arab Emirates,Persian Gulf; Indian Ocean,25.583333,54.416667
48040,As Suways,Egypt,Gulf of Suez; Red Sea; Indian Ocean,29.966667,32.55
47970,Al Qusayr,Egypt,Red Sea; Indian Ocean,26.1,34.283333
47010,Dar Es Salaam,Tanzania,Indian Ocean,-6.816667,39.3
46975,Mtwara,Tanzania,Indian Ocean,-10.266667,40.2
46890,Beira,Mozambique,Mozambique Channel; Indian Ocean,-19.833333,34.833333
46870,Maputo,Mozambique,Indian Ocean,-25.96277778,32.54472222
46850,Durban,South Africa,Indian Ocean,-29.866667,31.066667
46830,East London,South Africa,Indian Ocean,-33.033333,27.916667
57450,Bangkok,Thailand,Gulf of Thailand; South China Sea; North Pacific Ocean,13.75,100.5
56328,Midway Island,Midway Islands,North Pacific Ocean,28.183333,-177.366667
46770,Cape Town,South Africa,South Atlantic Ocean,-33.916667,18.416667
46650,Luderitz Bay,Namibia,South Atlantic Ocean,-26.65,15.15
46238,Okono Terminal,Nigeria,Gulf of Guinea; North Atlantic Ocean,3.983333,7.3
45825,Banjul,The Gambia,North Atlantic Ocean,13.45,-16.566667
45640,Oran,Algeria,Mediterranean Sea; North Atlantic Ocean,35.7,-0.633333
45550,Bejaia,Algeria,Mediterranean Sea; North Atlantic Ocean,36.75,5.083333
44750,Izmir,Turkey,Aegean Sea; Mediterranean Sea; North Atlantic Ocean,38.433333,27.133333
44610,Derince Burnu,Turkey,Sea of Marmara; Mediterranean Sea; North Atlantic Ocean,40.75,29.816667
44540,Haydarpasa,Turkey,Sea of Marmara; Mediterranean Sea; North Atlantic Ocean,41,29.016667
44410,Giresun,Turkey,Black Sea; North Atlantic Ocean,40.933333,38.4
50970,Jakarta,Indonesia,Java Sea; South Pacific Ocean,-6.1,106.883333
50730,Belawan,Indonesia,Strait of Malacca; Indian Ocean,3.783333,98.683333
49982,Johor,Malaysia,Strait of Malacca; Indian Ocean,1.433333,103.9
43680,Kherson,Ukraine,Black Sea; North Atlantic Ocean,46.616667,32.6
43650,Odesa,Ukraine,Black Sea; North Atlantic Ocean,46.483333,30.733333
43420,Istanbul,Turkey,Sea of Marmara; Mediterranean Sea; North Atlantic Ocean,41.016667,28.966667
41670,Durres,Albania,Adriatic Sea; Mediterranean Sea; North Atlantic Ocean,41.316667,19.45
41640,Bar,Montenegro,Adriatic Sea; Mediterranean Sea; North Atlantic Ocean,42.083333,19.083333
41610,Kotor,Montenegro,Adriatic Sea; Mediterranean Sea; North Atlantic Ocean,42.416667,18.766667
41030,Bakar,Croatia,Adriatic Sea; Mediterranean Sea; North Atlantic Ocean,45.3,14.533333
40500,Brindisi,Italy,Adriatic Sea; Mediterranean Sea; North Atlantic Ocean,40.65,17.983333
40480,Gallipoli,Italy,Golfo di Taranto; Mediterranean Sea; North Atlantic Ocean,40.06,17.984
40110,Milazzo,Italy,Tyrrhenian Sea; Mediterranean Sea; North Atlantic Ocean,38.216667,15.25
39950,Bagnoli,Italy,Tyrrhenian Sea; Mediterranean Sea; North Atlantic Ocean,40.81,14.158
39520,La Spezia,Italy,Ligurian Sea; Mediterranean Sea; North Atlantic Ocean,44.1,9.833333
39470,Genova,Italy,Ligurian Sea; Mediterranean Sea; North Atlantic Ocean,44.398,8.922
39120,L'ile Rousse,France,Ligurian Sea; Mediterranean Sea; North Atlantic Ocean,42.633333,8.933333
38810,Marseille,France,Gulf of Lion; Mediterranean Sea; North Atlantic Ocean,43.316667,5.366667
46205,Bonny,Nigeria,Gulf of Guinea; North Atlantic Ocean,4.45,7.166667
45862,Freetown,Sierra Leone,North Atlantic Ocean,8.5,-13.233333
38550,Barcelona,Spain,Mediterranean Sea; North Atlantic Ocean,41.35,2.166667
38495,Burriana,Spain,Balearic Sea; Mediterranean Sea; North Atlantic Ocean,39.883333,-0.05
38430,Cartagena,Spain,Mediterranean Sea; North Atlantic Ocean,37.583333,-0.983333
38090,Angra Do Heroismo,Portugal,North Atlantic Ocean,38.65,-27.216667
38080,Horta,Portugal,North Atlantic Ocean,38.533333,-28.633333
37970,Aveiro,Portugal,North Atlantic Ocean,40.65,-8.65
37860,Marin,Spain,North Atlantic Ocean,42.4,-8.7
32240,Fraserburgh Harbor,United Kingdom,North Sea; North Atlantic Ocean,57.683333,-2
32200,Montrose,United Kingdom,North Sea; North Atlantic Ocean,56.7,-2.466667
32170,Dundee,United Kingdom,North Sea; North Atlantic Ocean,56.466667,-2.95
31860,Berwick-Upon-Tweed,United Kingdom,North Sea; North Atlantic Ocean,55.766667,-2
31820,Blyth,United Kingdom,North Sea; North Atlantic Ocean,55.116667,-1.5
31580,Great Yarmouth,United Kingdom,North Sea; North Atlantic Ocean,52.616667,1.733333
31570,Lowestoft,United Kingdom,North Sea; North Atlantic Ocean,52.483333,1.75
31560,Felixstowe,United Kingdom,North Sea; North Atlantic Ocean,51.95,1.316667
31530,Harwich,United Kingdom,North Sea; North Atlantic Ocean,51.95,1.283333
31420,Gravesend,United Kingdom,North Sea; North Atlantic Ocean,51.45,0.366667
31290,Bruges,Belgium,North Sea; North Atlantic Ocean,51.233333,3.216667
31270,Ghent,Belgium,North Sea; North Atlantic Ocean,51.066667,3.733333
31260,Bruxelles,Belgium,North Sea; North Atlantic Ocean,50.866667,4.35
31250,Antwerpen,Belgium,North Sea; North Atlantic Ocean,51.216667,4.4
31060,Amsterdam,Netherlands,North Sea; North Atlantic Ocean,52.366667,4.9
31040,Ijmuiden,Netherlands,North Sea; North Atlantic Ocean,52.466667,4.583333
30680,Husum,Germany,North Sea; North Atlantic Ocean,54.483333,9.05
25330,Nynashamn,Sweden,Baltic Sea; North Atlantic Ocean,58.9,17.966667
25290,Nykoping,Sweden,Baltic Sea; North Atlantic Ocean,58.75,17.016667
24570,Kalmar,Sweden,Baltic Sea; North Atlantic Ocean,56.666667,16.366667
24460,Karlskrona,Sweden,Baltic Sea; North Atlantic Ocean,56.166667,15.6
7370,New Bedford,United States,North Atlantic Ocean,41.633333,-70.916667
7250,Boston,United States,North Atlantic Ocean,42.35,-71.05
7210,Gloucester,United States,North Atlantic Ocean,39.9,-75.133333
7080,Bath,United States,North Atlantic Ocean,43.916667,-69.816667
37190,Bordeaux,France,Bay of Biscay; North Atlantic Ocean,44.866667,-0.566667
37010,La Rochelle,France,Bay of Biscay; North Atlantic Ocean,46.15,-1.15
37000,La Pallice,France,Bay of Biscay; North Atlantic Ocean,46.166667,-1.216667
35810,Dieppe,France,English Channel; North Atlantic Ocean,49.933333,1.083333
35730,Dunkerque Port Est,France,North Sea; North Atlantic Ocean,51.05,2.383333
35710,Dover Harbor,United Kingdom,English Channel; North Atlantic Ocean,51.116667,1.333333
35650,Newhaven Harbour,United Kingdom,English Channel; North Atlantic Ocean,50.783333,0.05
35610,Littlehampton Harbour,United Kingdom,English Channel; North Atlantic Ocean,50.783333,-0.533333
35550,Cowes Harbour,United Kingdom,English Channel; North Atlantic Ocean,50.766667,-1.3
35390,Dartmouth Harbour,United Kingdom,English Channel; North Atlantic Ocean,50.35,-3.616667
35200,Hayle,United Kingdom,Celtic Sea; North Atlantic Ocean,50.183333,-5.416667
35060,Avonmouth,United Kingdom,Bristol Channel; North Atlantic Ocean,51.5,-2.716667
35010,Cardiff,United Kingdom,Bristol Channel; North Atlantic Ocean,51.45,-3.166667
34990,Barry,United Kingdom,Bristol Channel; North Atlantic Ocean,51.4,-3.266667
34880,Milford Haven,United Kingdom,Celtic Sea; North Atlantic Ocean,51.716667,-5.033333
33830,Londonderry,United Kingdom,North Atlantic Ocean,55,-7.316667
33610,Douglas,Isle of Man,Irish Sea; North Atlantic Ocean,54.15,-4.466667
33520,Millport,United Kingdom,North Atlantic Ocean,55.75,-4.916667
33340,Ardrishaig,United Kingdom,North Atlantic Ocean,56.016667,-5.45
33300,Campbeltown,United Kingdom,North Atlantic Ocean,55.433333,-5.6
6410,Liverpool (Brooklyn),Canada,North Atlantic Ocean,44.033333,-64.65
6340,Halifax,Canada,North Atlantic Ocean,44.65,-63.583333
19781,Homer,United States,Cook Inlet; Gulf of Alaska; North Pacific Ocean,59.6,-151.416667
19610,Excursion Inlet,United States,Alaska-Canada coastal waters; North Pacific Ocean,58.416667,-135.45
19460,Hoonah,United States,Alaska-Canada coastal waters; North Pacific Ocean,58.116667,-135.45
19160,Knudson Cove,United States,Alaska-Canada coastal waters; North Pacific Ocean,55.466667,-131.8
19000,Masset Harbor,Canada,Alaska-Canada coastal waters; North Pacific Ocean,54.016667,-132.15
18923,Kemano Bay,Canada,Alaska-Canada coastal waters; North Pacific Ocean,53.483333,-128.133333
18835,Coal Harbor,Canada,North Pacific Ocean,50.6,-127.583333
18680,Esquimalt Harbor,Canada,Alaska-Canada coastal waters; North Pacific Ocean,48.433333,-123.433333
18570,Crofton,Canada,Alaska-Canada coastal waters; North Pacific Ocean,48.866667,-123.633333
18560,Chemainus,Canada,Alaska-Canada coastal waters; North Pacific Ocean,48.933333,-123.716667
18520,Nanaimo,Canada,Alaska-Canada coastal waters; North Pacific Ocean,49.166667,-123.933333
18460,Comox Harbor,Canada,Alaska-Canada coastal waters; North Pacific Ocean,49.666667,-124.916667
18110,Fraser Mills,Canada,Alaska-Canada coastal waters; North Pacific Ocean,49.22414722,-122.8559667
18100,New Westminster,Canada,Alaska-Canada coastal waters; North Pacific Ocean,49.2,-122.916667
17780,Mukilteo,United States,Alaska-Canada coastal waters; North Pacific Ocean,47.95,-122.3
28880,Lubeck-Travemunde,Germany,Baltic Sea; North Atlantic Ocean,53.966667,10.883333
27580,Nykarleby,Finland,Gulf of Bothnia; Baltic Sea; North Atlantic Ocean,63.516667,22.533333
15410,Balboa,Panama,Gulf of Panama; North Pacific Ocean,8.95,-79.566667
14940,Conchan Oil Terminal,Peru,South Pacific Ocean,-12.166667,-77
14570,Coquimbo,Chile,South Pacific Ocean,-29.95,-71.333333
13920,Comodoro Rivadavia,Argentina,Golfo San Jorge; South Atlantic Ocean,-45.866667,-67.466667
13815,Bahia Blanca,Argentina,South Atlantic Ocean,-38.783333,-62.266667
13020,Itajai,Brazil,South Atlantic Ocean,-26.916667,-48.633333
21610,Harstad,Norway,Norwegian Sea; North Atlantic Ocean,68.8,16.55
5750,Charlottetown,Canada,Gulf of Saint Lawrence; North Atlantic Ocean,46.233333,-63.133333
4760,Gary,United States,Lake Michigan; Great Lakes,41.616667,-87.333333
20430,Deering,United States,Chukchi Sea; Arctic Ocean,66.083333,-162.733333
20120,Dutch Harbor,United States,Bering Sea; North Pacific Ocean,53.9,-166.533333
12500,Cameta,Brazil,South Atlantic Ocean,-2.25,-49.5
12405,Nieuw Nickerie,Suriname,North Atlantic Ocean,5.95,-57
9300,Corpus Christi,United States,Gulf of Mexico; North Atlantic Ocean,27.816667,-97.4
9170,Baytown,United States,Gulf of Mexico; North Atlantic Ocean,29.733333,-95.016667
9070,Orange,United States,Gulf of Mexico; North Atlantic Ocean,30.083333,-93.733333
9040,Lake Charles,United States,Gulf of Mexico; North Atlantic Ocean,30.216667,-93.25
9000,Morgan City,United States,Gulf of Mexico; North Atlantic Ocean,29.7,-91.216667
8980,Loop Terminal,United States,Gulf of Mexico; North Atlantic Ocean,28.883333,-90.016667
8800,Gulfport,United States,Gulf of Mexico; North Atlantic Ocean,30.35,-89.083333
8730,Apalachicola,United States,Gulf of Mexico; North Atlantic Ocean,29.716667,-84.983333
8665,Boca Grande,United States,Gulf of Mexico; North Atlantic Ocean,26.7,-82.333333
8595,Canaveral Harbor,United States,North Atlantic Ocean,28.7,-80.616667
8550,Brunswick,United States,North Atlantic Ocean,31.15,-81.5
8540,Darien,United States,North Atlantic Ocean,31.366667,-81.433333
8520,Beaufort,United States,North Atlantic Ocean,32.433333,-80.666667
4330,Marine City,United States,Lake Saint Clair; Great Lakes,42.716667,-82.5
4320,Algonac,United States,Lake Saint Clair; Great Lakes,42.616667,-82.516667
4250,Desbarats,Canada,Lake Huron; Great Lakes,46.333333,-83.916667
3900,Collingwood,Canada,Lake Huron; Great Lakes,44.5,-80.233333
3880,Meaford,Canada,Lake Huron; Great Lakes,44.616667,-80.6
3730,Goderich,Canada,Lake Huron; Great Lakes,43.75,-81.733333
3670,Courtright,Canada,Lake Saint Clair; Great Lakes,42.816667,-82.466667
3620,Detroit,United States,Lake Erie; Great Lakes,42.333333,-83.033333
3030,Bronte,Canada,Lake Ontario; Great Lakes,43.4,-79.716667
2800,Clayton,United States,Lake Ontario; Great Lakes,44.233333,-76.05
2770,Ogdensburg,United States,Lake Ontario; Great Lakes,44.7,-75.5
2235,Montreal,Canada,Lake Ontario; Great Lakes,45.516667,-73.55
1990,Matane,Canada,Gulf of Saint Lawrence; North Atlantic Ocean,48.85,-67.533333
13740,Concepcion Del Uruguay,Argentina,Rio de la Plata; South Atlantic Ocean,-32.483333,-58.233333
14110,Bahia Agua Fresca,Chile,South Pacific Ocean,-53.383333,-70.966667
18780,Clayoquot,Canada,North Pacific Ocean,49.15,-125.916667
28900,Neustadt,Germany,Baltic Sea; North Atlantic Ocean,54.1,10.816667
18140,Mission City,Canada,Alaska-Canada coastal waters; North Pacific Ocean,49.14638889,-122.2586111
18860,Alert Bay,Canada,Alaska-Canada coastal waters; North Pacific Ocean,50.583333,-126.933333
18890,Bella Coola,Canada,Alaska-Canada coastal waters; North Pacific Ocean,52.366667,-126.8
6730,Mount Desert,United States,North Atlantic Ocean,44.366667,-68.333333
34780,Caernarvon,United Kingdom,Irish Sea; North Atlantic Ocean,53.15,-4.266667
35760,Boulogne-Sur-Mer,France,English Channel; North Atlantic Ocean,50.733333,1.6
37170,Ambes,France,Bay of Biscay; North Atlantic Ocean,45.016667,-0.533333
29180,Fakse Ladeplads Havn,Denmark,Baltic Sea; North Atlantic Ocean,55.216667,12.166667
30095,Augustenborg,Denmark,Baltic Sea; North Atlantic Ocean,54.95,9.866667
31080,Hoek Van Holland,Netherlands,North Sea; North Atlantic Ocean,51.95,4.133333
38433,Islas Hormigas,Spain,Mediterranean Sea; North Atlantic Ocean,37.65,-0.65
38585,Las Hormigas,Spain,Mediterranean Sea; North Atlantic Ocean,41.866667,3.183333
40000,Castellammare Di Stabia,Italy,Tyrrhenian Sea; Mediterranean Sea; North Atlantic Ocean,40.7,14.476
40210,Licata,Italy,Mediterranean Sea; North Atlantic Ocean,37.092,13.936
40340,Marsaxlokk,Malta,Mediterranean Sea; North Atlantic Ocean,35.816667,14.55
43340,Gemlik,Turkey,Sea of Marmara; Mediterranean Sea; North Atlantic Ocean,40.416667,29.116667
50650,Lhokseumawe,Indonesia,Andaman Sea; Indian Ocean,5.25,97.116667
51484,Belida Marine Terminal,Indonesia,South China Sea; North Pacific Ocean,4.133333,105.133333
44620,Izmit,Turkey,Sea of Marmara; Mediterranean Sea; North Atlantic Ocean,40.766667,29.916667
44690,Canakkale,Turkey,Sea of Marmara; Mediterranean Sea; North Atlantic Ocean,40.15,26.4
44880,Iskenderun,Turkey,Mediterranean Sea; North Atlantic Ocean,36.6,36.166667
45084,Hadera,Israel,Mediterranean Sea; North Atlantic Ocean,32.466667,34.9
56855,Kieta,Papua New Guinea,South Pacific Ocean,-6.216667,155.633333
57200,Luganville,Vanuatu,South Pacific Ocean,-15.516667,167.166667
48108,Duba Bulk Plant Tanker Terminal,Saudi Arabia,Red Sea; Indian Ocean,27.316667,35.9
51811,Bontang Lng Terminal,Indonesia,Makassar Strait; South Pacific Ocean,0.1,117.483333
52523,Labuha,Indonesia,Molucca Sea; South Pacific Ocean,-0.633333,127.466667
61310,Kamaishi Ko,Japan,North Pacific Ocean,39.266667,141.9
61357,Kashima Ko,Japan,North Pacific Ocean,35.933333,140.7
56270,Barbers Point Terminal,United States,North Pacific Ocean,21.266667,-158.1
57768,Basuo,China,Gulf of Tonkin; South China Sea; North Pacific Ocean,19.1,108.616667
62085,Mishima-Kawanoe Ko,Japan,Sea of Japan; North Pacific Ocean,34,133.55
62720,Dudinka,Russia,Kara Sea; Arctic Ocean,69.4,86.166667
7590,Norwalk,United States,North Atlantic Ocean,41.1,-73.416667
8020,Atlantic City,United States,North Atlantic Ocean,39.366667,-74.416667
8120,Gloucester,United States,North Atlantic Ocean,42.6,-70.666667
590,Narsarssuaq,Greenland,Labrador Sea; North Atlantic Ocean,61.15,-45.433333
2670,Cardinal,Canada,Lake Ontario; Great Lakes,44.783333,-75.383333
3015,Clarkson,Canada,Lake Ontario; Great Lakes,43.5,-79.6
9030,Haymark Terminal,United States,Gulf of Mexico; North Atlantic Ocean,30.133333,-93.316667
1890,Havre St Pierre,Canada,Gulf of Saint Lawrence; North Atlantic Ocean,50.233333,-63.6
8990,Grand Isle,United States,Gulf of Mexico; North Atlantic Ocean,29.233333,-90
12380,Linden,Guyana,North Atlantic Ocean,6,-58.3
21920,Brettesnes,Norway,Norwegian Sea; North Atlantic Ocean,68.233333,14.85
22120,Drag,Norway,Norwegian Sea; North Atlantic Ocean,68.05,16.083333
11460,Basse Terre,Guadeloupe,Caribbean Sea; North Atlantic Ocean,16,-61.733333
12390,New Amsterdam,Guyana,North Atlantic Ocean,6.25,-57.516667
12455,Degrad Des Cannes,French Guiana,North Atlantic Ocean,4.85,-52.266667
20486,Bernard Harbor,United States,Beaufort Sea; Arctic Ocean,70.133333,-143.633333
30350,Mariager,Denmark,Kattegat; North Atlantic Ocean,56.65,9.983333
30360,Hobro,Denmark,Kattegat; North Atlantic Ocean,56.633333,9.8
42420,Kymassi,Greece,Aegean Sea; Mediterranean Sea; North Atlantic Ocean,38.833333,23.466667
31085,Europoort,Netherlands,North Sea; North Atlantic Ocean,51.95,4.116667
31100,Maassluis,Netherlands,North Sea; North Atlantic Ocean,51.916667,4.25
31470,London,United Kingdom,North Sea; North Atlantic Ocean,51.5,-0.083333
31630,Boston,United Kingdom,North Sea; North Atlantic Ocean,52.966667,-0.016667
31940,Granton,United Kingdom,North Sea; North Atlantic Ocean,55.983333,-3.216667
32030,Burntisland,United Kingdom,North Sea; North Atlantic Ocean,56.05,-3.233333
32250,Macduff,United Kingdom,North Sea; North Atlantic Ocean,57.666667,-2.5
32370,Helmsdale Harbor,United Kingdom,North Sea; North Atlantic Ocean,58.116667,-3.65
38170,Las Palmas,Spain,North Atlantic Ocean,28.15,-15.416667
38370,Malaga,Spain,Mediterranean Sea; North Atlantic Ocean,36.716667,-4.416667
59475,Gingoog,Philippines,Bohol Sea; Philippine inland seas; North Pacific Ocean,8.833333,125.1
61862,Himekawa,Japan,Sea of Japan; North Pacific Ocean,37.033333,137.85
38980,Antibes,France,Mediterranean Sea; North Atlantic Ocean,43.583333,7.133333
39060,Bastia,France,Ligurian Sea; Mediterranean Sea; North Atlantic Ocean,42.7,9.45
39110,Calvi,France,Ligurian Sea; Mediterranean Sea; North Atlantic Ocean,42.566667,8.75
39250,Carloforte,Italy,Mediterranean Sea; North Atlantic Ocean,39.147,8.317
40115,Gioia Tauro,Italy,Tyrrhenian Sea; Mediterranean Sea; North Atlantic Ocean,38.444,15.89
40220,Gela,Italy,Mediterranean Sea; North Atlantic Ocean,37.066667,14.25
40270,Catania,Italy,Mediterranean Sea; North Atlantic Ocean,37.5,15.1
40830,Muggia,Italy,Adriatic Sea; Mediterranean Sea; North Atlantic Ocean,45.6,13.766667
40985,Brsica,Croatia,Adriatic Sea; Mediterranean Sea; North Atlantic Ocean,45.033333,14.05
43280,Lakki,Greece,Aegean Sea; Mediterranean Sea; North Atlantic Ocean,37.133333,26.85
43566,Cernavoda,Romania,Black Sea; North Atlantic Ocean,44.333333,28.05
43677,Dnipro-Buzkyy,Ukraine,Black Sea; North Atlantic Ocean,46.733333,31.883333
57325,Baie Ugue,New Caledonia,Coral Sea; South Pacific Ocean,-21.15,165.55
43720,Khorly,Ukraine,Black Sea; North Atlantic Ocean,46.083333,33.283333
44162,Kavkaz Oil Terminal,Russia,Sea of Azov; Black Sea; North Atlantic Ocean,45.333333,36.65
48327,Khalifa Bin Salman,Bahrain,Persian Gulf; Indian Ocean,26.25,50.75
49890,Lumut,Malaysia,Strait of Malacca; Indian Ocean,4.233333,100.633333
50100,Dabo,Indonesia,Natuna Sea; South China Sea; South Pacific Ocean,-0.5,104.566667
50740,Kuala Kapus,Indonesia,South China Sea; North Pacific Ocean,3,114.366667
51205,Celukan Bawang,Indonesia,Bali Sea; Java Sea; South Pacific Ocean,-8.183333,114.833333
51260,Benoa,Indonesia,Indian Ocean,-8.75,115.216667
51320,Maumere,Indonesia,Flores Sea; Java Sea; South Pacific Ocean,-8.616667,122.216667
57411,Kemaman Harbor,Malaysia,South China Sea; North Pacific Ocean,4.25,103.466667
57420,Kuala Trengganu,Malaysia,South China Sea; North Pacific Ocean,5.35,103.133333
57642,Dai Hang,Vietnam,South China Sea; North Pacific Ocean,8.483333,108.683333
46970,Mikindani,Tanzania,Indian Ocean,-10.266667,40.133333
47140,Baraawe,Somalia,Indian Ocean,1.1,44.05
47300,Moroni,Comoros,Mozambique Channel; Indian Ocean,-11.7,43.25
47974,Hamrawein,Egypt,Red Sea; Indian Ocean,26.25,34.2
51733,Bakapit,Malaysia,Celebes Sea; North Pacific Ocean,4.95,118.583333
52040,Manado,Indonesia,Celebes Sea; North Pacific Ocean,1.5,124.833333
53000,Miei,Indonesia,Teluk Cenderawasih; South Pacific Ocean,-2.733333,134.5
61245,Ishikari Bay New Port,Japan,Sea of Japan; North Pacific Ocean,43.216667,141.283333
61325,Kesennuma Ko,Japan,North Pacific Ocean,38.866667,141.6
61330,Onagawa,Japan,North Pacific Ocean,38.45,141.45
61340,Ishinomaki Ko,Japan,North Pacific Ocean,38.4,141.316667
61355,Onahama Ko,Japan,North Pacific Ocean,36.933333,140.9
61375,Chiba Ko,Japan,North Pacific Ocean,35.583333,140.066667
61385,Kawasaki Ko,Japan,North Pacific Ocean,35.5,139.766667
61416,Atsumi,Japan,Sea of Japan; North Pacific Ocean,34.666667,137.066667
61470,Kinuura Ko,Japan,Sea of Japan; North Pacific Ocean,34.85,136.95
5380,Ontonagon,United States,Lake Superior; Great Lakes,46.883333,-89.333333
5430,Cornucopia,United States,Lake Superior; Great Lakes,46.866667,-91.1
12950,Gebig,Brazil,South Atlantic Ocean,-23.05,-44.216667
14140,Bahia Harris,Chile,South Pacific Ocean,-53.85,-70.45
14510,Bahia Quintero (Ventanas),Chile,South Pacific Ocean,-32.766667,-71.533333
14671,Caleta Patillos,Chile,South Pacific Ocean,-20.733333,-70.2
14895,Bahia San Nicolas,Peru,South Pacific Ocean,-15.25,-75.233333
28170,Ekenas,Finland,Gulf of Finland; Baltic Sea; North Atlantic Ocean,59.983333,23.433333
28180,Jussaro,Finland,Gulf of Finland; Baltic Sea; North Atlantic Ocean,59.833333,23.566667
18518,Nanoose Harbor,Canada,Alaska-Canada coastal waters; North Pacific Ocean,49.266667,-124.15
18790,Ahousat,Canada,North Pacific Ocean,49.283333,-126.066667
18600,Ganges,Canada,Alaska-Canada coastal waters; North Pacific Ocean,48.85,-123.483333
18818,Bergh Cove,Canada,North Pacific Ocean,50.533333,-127.616667
33210,Glensanda,United Kingdom,North Atlantic Ocean,56.566667,-5.533333
33250,Oban,United Kingdom,North Atlantic Ocean,56.416667,-5.466667
33290,Crinan (Canal),United Kingdom,North Atlantic Ocean,56.083333,-5.566667
33577,Bangor,United Kingdom,North Atlantic Ocean,54.65,-5.666667
34190,Castletown Bearhaven,Ireland,North Atlantic Ocean,51.65,-9.916667
34200,Kilrush,Ireland,North Atlantic Ocean,52.633333,-9.5
34850,Fishguard,United Kingdom,Irish Sea; North Atlantic Ocean,52.016667,-4.983333
35800,Le Treport,France,English Channel; North Atlantic Ocean,50.066667,1.366667
36360,Morlaix,France,English Channel; North Atlantic Ocean,48.583333,-3.833333
37160,Blaye,France,Bay of Biscay; North Atlantic Ocean,45.133333,-0.666667
7100,Gardiner,United States,North Atlantic Ocean,44.233333,-69.766667
7130,Cundy Harbor,United States,North Atlantic Ocean,43.783333,-69.9
26340,Lunde,Sweden,Gulf of Bothnia; Baltic Sea; North Atlantic Ocean,62.883333,17.883333
29455,Nykobing (Mor),Denmark,Kattegat; North Atlantic Ocean,56.766667,11.866667
29410,Frederiksvaerk,Denmark,Kattegat; North Atlantic Ocean,55.966667,12.016667
29420,Frederikssund,Denmark,Kattegat; North Atlantic Ocean,55.833333,12.05
29440,Holbaek,Denmark,Kattegat; North Atlantic Ocean,55.716667,11.716667
29546,Gulfhaven,Denmark,Baltic Sea; North Atlantic Ocean,55.2,11.266667
61475,Gamagori Ko,Japan,Sea of Japan; North Pacific Ocean,34.816667,137.216667
61495,Matsusaka,Japan,Sea of Japan; North Pacific Ocean,34.6,136.566667
54210,Klein Point,Australia,Indian Ocean,-34.966667,137.766667
54236,Ardrossan,Australia,Indian Ocean,-34.433333,137.916667
55130,Napier,New Zealand,South Pacific Ocean,-39.483333,176.916667
55290,Nelson,New Zealand,Tasman Sea; South Pacific Ocean,-41.266667,173.266667
55530,Lautoka Harbor,Fiji,South Pacific Ocean,-17.6,177.45
56230,Kaumalapau Harbor,United States,North Pacific Ocean,20.783333,-157
57700,Hon Gai,Vietnam,Gulf of Tonkin; South China Sea; North Pacific Ocean,20.95,107.066667
57750,Beihai,China,Gulf of Tonkin; South China Sea; North Pacific Ocean,21.483333,109.066667
58000,Aparri,Philippines,Luzon Strait; North Pacific Ocean,18.366667,121.633333
58320,Batangas City,Philippines,Philippine inland seas; North Pacific Ocean,13.75,121.05
58795,Isabel,Philippines,Philippine inland seas; North Pacific Ocean,10.916667,124.433333
59090,Dumaguete,Philippines,Bohol Sea; Philippine inland seas; North Pacific Ocean,9.316667,123.3
59180,Jordan,Philippines,Philippine inland seas; North Pacific Ocean,10.666667,122.583333
59700,Iligan,Philippines,Bohol Sea; Philippine inland seas; North Pacific Ocean,8.233333,124.233333
59760,Butuan City,Philippines,Bohol Sea; Philippine inland seas; North Pacific Ocean,8.95,125.533333
59940,Ningbo,China,East China Sea; North Pacific Ocean,29.883333,121.55
12630,Camocim,Brazil,South Atlantic Ocean,-2.9,-40.833333
60180,Dagu Tanggu,China,Bo Hai; Yellow Sea; North Pacific Ocean,38.966667,117.666667
60376,Gwangyang Hang,South Korea,Korea Strait; North Pacific Ocean,34.85,127.8
12420,Moengo,Suriname,North Atlantic Ocean,5.633333,-54.416667
20310,Bethel,United States,Bering Sea; North Pacific Ocean,60.816667,-161.716667
20320,Nash Harbor,United States,Bering Sea; North Pacific Ocean,60.2,-166.983333
20497,Cape Young,Canada,Northwest Passages; Arctic Ocean,68.933333,-116.933333
4770,Buffington,United States,Lake Michigan; Great Lakes,41.633333,-87.416667
5140,Batchawana Bay,Canada,Lake Superior; Great Lakes,46.916667,-84.6
5360,Eagle Harbor,United States,Lake Superior; Great Lakes,47.466667,-88.166667
13115,Jose Ignacio,Uruguay,South Atlantic Ocean,-34.95,-54.7
13580,Diamante,Argentina,Rio de la Plata; South Atlantic Ocean,-32.066667,-60.65
13720,Concordia,Argentina,Rio de la Plata; South Atlantic Ocean,-31.4,-58.033333
13730,Colon,Argentina,Rio de la Plata; South Atlantic Ocean,-32.216667,-58.133333
44370,Hopa,Turkey,Black Sea; North Atlantic Ocean,41.416667,41.4
44500,Eregli,Turkey,Black Sea; North Atlantic Ocean,41.3,31.45
44542,Botas Natural Gas Terminal,Turkey,Sea of Marmara; Mediterranean Sea; North Atlantic Ocean,41,27.983333
44640,Mudanya,Turkey,Sea of Marmara; Mediterranean Sea; North Atlantic Ocean,40.383333,28.883333
44650,Bandirma,Turkey,Sea of Marmara; Mediterranean Sea; North Atlantic Ocean,40.35,27.966667
44670,Karabiga,Turkey,Sea of Marmara; Mediterranean Sea; North Atlantic Ocean,40.4,27.316667
44950,Limassol,Cyprus,Mediterranean Sea; North Atlantic Ocean,34.666667,33.05
45080,Haifa,Israel,Mediterranean Sea; North Atlantic Ocean,32.816667,35
45180,Mersa Matruh,Egypt,Mediterranean Sea; North Atlantic Ocean,31.35,27.233333
45340,Marsa Sabratah,Libya,Mediterranean Sea; North Atlantic Ocean,32.816667,12.5
45823,Lyndiane,Senegal,North Atlantic Ocean,14.166667,-16.166667
46541,Kizomba A Terminal,Angola,South Atlantic Ocean,-6.316667,11.05
18580,Cowichan Bay,Canada,Alaska-Canada coastal waters; North Pacific Ocean,48.75,-123.616667
18650,Hope Bay,Canada,Alaska-Canada coastal waters; North Pacific Ocean,48.8,-123.283333
18665,Bamberton,Canada,Alaska-Canada coastal waters; North Pacific Ocean,48.55,-123.516667
18920,Butedale,Canada,Alaska-Canada coastal waters; North Pacific Ocean,53.166667,-128.683333
19055,Alliford Bay,Canada,Alaska-Canada coastal waters; North Pacific Ocean,53.216667,-131.983333
19170,Loring,United States,Alaska-Canada coastal waters; North Pacific Ocean,55.6,-131.633333
19430,Kimshan Cove,United States,North Pacific Ocean,57.683333,-136.116667
6330,Musquodoboit Harbour,Canada,North Atlantic Ocean,44.783333,-63.15
6470,Digby,Canada,Bay of Fundy; North Atlantic Ocean,44.616667,-65.766667
6545,Canaport (St. John),Canada,Bay of Fundy; North Atlantic Ocean,45.2,-65.983333
33500,Largs,United Kingdom,North Atlantic Ocean,55.8,-4.866667
33515,Hunterston,United Kingdom,North Atlantic Ocean,55.75,-4.883333
33820,Coleraine,United Kingdom,North Atlantic Ocean,55.133333,-6.666667
34130,Foynes,Ireland,North Atlantic Ocean,52.616667,-9.116667
34685,Mostyn,United Kingdom,Irish Sea; North Atlantic Ocean,53.316667,-3.266667
43745,Chornomors Ke,Ukraine,Black Sea; North Atlantic Ocean,45.516667,32.7
48400,Al Basrah,Iraq,Persian Gulf; Indian Ocean,30.516667,47.833333
48404,Khawr Al Zubair,Iraq,Persian Gulf; Indian Ocean,30.183333,47.9
48430,Abadan,Iran,Persian Gulf; Indian Ocean,30.333333,48.283333
48440,Khosrowabad,Iran,Persian Gulf; Indian Ocean,30.166667,48.416667
48790,Hazira,India,Arabian Sea; Indian Ocean,21.083333,72.633333
49690,Mergui,Burma,Andaman Sea; Indian Ocean,12.433333,98.6
49790,Kantang Harbor,Thailand,Andaman Sea; Indian Ocean,7.4,99.516667
49970,Melaka,Malaysia,Strait of Malacca; Indian Ocean,2.2,102.25
50440,Bengkulu,Indonesia,Indian Ocean,-3.783333,102.25
50652,Blanglancang,Indonesia,Andaman Sea; Indian Ocean,5.233333,97.1
50790,Bengkalis,Indonesia,Strait of Malacca; Indian Ocean,1.466667,102.1
51440,Dili,Timor-Leste,Banda Sea; South Pacific Ocean,-8.533333,125.583333
44480,Inebolu,Turkey,Black Sea; North Atlantic Ocean,41.983333,33.766667
44605,Kaba Burnu,Turkey,Sea of Marmara; Mediterranean Sea; North Atlantic Ocean,40.766667,29.533333
44751,Gulluk,Turkey,Aegean Sea; Mediterranean Sea; North Atlantic Ocean,37.25,27.616667
44770,Kusadasi,Turkey,Aegean Sea; Mediterranean Sea; North Atlantic Ocean,37.866667,27.25
44805,Marmaris,Turkey,Mediterranean Sea; North Atlantic Ocean,36.85,28.283333
62970,Mys Abram,Russia,Barents Sea; Arctic Ocean,68.983333,33.033333
7990,Leonardo,United States,North Atlantic Ocean,40.433333,-74.066667
2560,Coteau Landing,Canada,Lake Ontario; Great Lakes,45.25,-74.2
2620,Cornwall,Canada,Lake Ontario; Great Lakes,45.016667,-74.733333
2680,Lower Lakes Terminal,Canada,Lake Ontario; Great Lakes,44.733333,-75.466667
2700,Brockville,Canada,Lake Ontario; Great Lakes,44.583333,-75.666667
3020,Oakville,Canada,Lake Ontario; Great Lakes,43.433333,-79.666667
21840,Ballstad,Norway,Norwegian Sea; North Atlantic Ocean,68.066667,13.7
11170,Ensenada Honda,Puerto Rico,Caribbean Sea; North Atlantic Ocean,18.233333,-65.633333
12037,El Tabiazo,Venezuela,Caribbean Sea; North Atlantic Ocean,10.766667,-71.533333
12060,Las Piedras,Venezuela,Caribbean Sea; North Atlantic Ocean,11.7,-70.216667
45377,Ashtart Oil Terminal,Tunisia,Mediterranean Sea; North Atlantic Ocean,34.283333,11.383333
45444,Menzel Bourguiba,Tunisia,Mediterranean Sea; North Atlantic Ocean,37.15,9.8
45650,Mers El Kebir,Algeria,Mediterranean Sea; North Atlantic Ocean,35.733333,-0.7
45790,Mohammedia,Morocco,North Atlantic Ocean,33.716667,-7.4
45795,El Jadida,Morocco,North Atlantic Ocean,33.25,-8.5
45796,El Jorf Lasfar,Morocco,North Atlantic Ocean,33.116667,-8.616667
46225,Antan Oil Terminal,Nigeria,Gulf of Guinea; North Atlantic Ocean,4.216667,8.333333
46262,Limboh Terminal,Cameroon,Gulf of Guinea; North Atlantic Ocean,3.983333,9.15
46285,Kole Oil Terminal,Cameroon,Gulf of Guinea; North Atlantic Ocean,4.25,8.55
46287,Ebome Marine Terminal,Cameroon,Gulf of Guinea; North Atlantic Ocean,2.8,9.816667
46292,Kome Kribi 1 Marine Terminal,Cameroon,Gulf of Guinea; North Atlantic Ocean,2.916667,9.8
46459,Dussafu Terminal,Congo (Brazzaville),South Atlantic Ocean,-4.25,10.816667
46472,Djeno Terminal,Congo (Brazzaville),South Atlantic Ocean,-4.933333,11.9
46542,Kizomba B Terminal,Angola,South Atlantic Ocean,-6.35,11.15
46543,Kizomba C Terminal,Angola,South Atlantic Ocean,-6.316667,11.283333
46553,Estrela Oil Field,Angola,South Atlantic Ocean,-6.45,12.4
56320,Nonopapa,United States,North Pacific Ocean,21.866667,-160.233333
56740,Hamburg Harbor,Papua New Guinea,South Pacific Ocean,-1.633333,149.966667
56760,Kavieng Harbor,Papua New Guinea,South Pacific Ocean,-2.583333,150.8
57462,Laem Chabang,Thailand,Gulf of Thailand; South China Sea; North Pacific Ocean,13.083333,100.883333
46950,Ibo,Mozambique,Mozambique Channel; Indian Ocean,-12.333333,40.616667
47400,Mahajanga,Madagascar,Mozambique Channel; Indian Ocean,-15.716667,46.3
47944,Beshayer Oil Terminal,Sudan,Red Sea; Indian Ocean,19.4,37.316667
48050,El Ismailiya,Egypt,Suez Canal; Red Sea; Indian Ocean,30.583333,32.283333
48298,Al Shaheen Terminal,Qatar,Persian Gulf; Indian Ocean,26.583333,52
51630,Bandar Seri Begawan,Brunei,South China Sea; North Pacific Ocean,4.883333,114.883333
51690,Kota Kinabalu,Malaysia,South China Sea; North Pacific Ocean,5.983333,116.066667
51710,Kudat,Malaysia,South China Sea; North Pacific Ocean,6.883333,116.85
51730,Lahad Datu,Malaysia,Celebes Sea; North Pacific Ocean,5.016667,118.316667
52220,Luwuk,Indonesia,Banda Sea; South Pacific Ocean,-0.95,122.8
52680,Bula,Indonesia,Ceram Sea; Banda Sea; South Pacific Ocean,-3.1,130.5
53010,Manokwari Road,Indonesia,Teluk Cenderawasih; South Pacific Ocean,-0.866667,134.083333
61378,Katsunan Ko,Japan,North Pacific Ocean,35.666667,139.983333
61379,Funabashi,Japan,North Pacific Ocean,35.666667,139.95
61465,Mikawa,Japan,North Pacific Ocean,34.716667,137.3
53133,Jayapura,Indonesia,South Pacific Ocean,-2.533333,140.716667
55110,Gisborne,New Zealand,South Pacific Ocean,-38.666667,178.033333
55550,Levuka,Fiji,South Pacific Ocean,-17.683333,178.833333
55556,Malai,Fiji,South Pacific Ocean,-16.35,179.366667
57775,Lon Shui Terminal,China,South China Sea; North Pacific Ocean,20.833333,115.683333
57818,Chiwan,China,Gulf of Tonkin; South China Sea; North Pacific Ocean,19.966667,110.033333
57920,Kao-Hsiung,Taiwan,South China Sea; North Pacific Ocean,22.616667,120.25
58070,Hondagua,Philippines,Philippine inland seas; North Pacific Ocean,13.95,122.233333
61205,Esasi Ko,Japan,Sea of Japan; North Pacific Ocean,41.866667,140.116667
61232,Isikari Wan,Japan,Sea of Japan; North Pacific Ocean,43.233333,141.366667
2380,Grenville,Canada,Lake Ontario; Great Lakes,45.633333,-74.6
61571,O0kihama,Japan,Sea of Japan; North Pacific Ocean,34.75,134.566667
61595,Mizushima Ko,Japan,Sea of Japan; North Pacific Ocean,34.5,133.75
61650,Hiroshima,Japan,Sea of Japan; North Pacific Ocean,34.35,132.466667
61664,Namikata,Japan,Sea of Japan; North Pacific Ocean,34.116667,132.9
61675,Kudamatsu,Japan,Sea of Japan; North Pacific Ocean,34,131.866667
61695,Hikari,Japan,Sea of Japan; North Pacific Ocean,33.95,131.933333
61805,Fukui,Japan,Sea of Japan; North Pacific Ocean,36.066667,136.2
61932,Mega,Japan,Sea of Japan; North Pacific Ocean,34.783333,134.7
61935,Hannan Ko,Japan,Sea of Japan; North Pacific Ocean,34.466667,135.35
61970,Kochi Ko,Japan,Sea of Japan; North Pacific Ocean,33.5,133.566667
62100,Marugame Ko,Japan,Sea of Japan; North Pacific Ocean,34.3,133.783333
62430,Hakata,Japan,Korea Strait; North Pacific Ocean,33.6,130.4
2320,Hudson,Canada,Lake Ontario; Great Lakes,45.466667,-74.133333
62500,Naha Ko,Japan,East China Sea; North Pacific Ocean,26.216667,127.683333
62630,Nikol Skoye,Russia,North Pacific Ocean,55.2,165.983333
34770,Holyhead,United Kingdom,Irish Sea; North Atlantic Ocean,53.316667,-4.633333
35100,Bridgwater,United Kingdom,Bristol Channel; North Atlantic Ocean,51.133333,-3
35440,Bridport Harbour,United Kingdom,English Channel; North Atlantic Ocean,50.716667,-2.766667
35860,Honfleur,France,English Channel; North Atlantic Ocean,49.416667,0.216667
35980,Alderney Harbour,Guernsey,English Channel; North Atlantic Ocean,49.733333,-2.2
36110,Granville,France,English Channel; North Atlantic Ocean,48.833333,-1.6
36960,Les Sables D' Olonne,France,Bay of Biscay; North Atlantic Ocean,46.5,-1.8
25360,Gustavsberg,Sweden,Baltic Sea; North Atlantic Ocean,59.316667,18.383333
26430,Bollstabruk,Sweden,Gulf of Bothnia; Baltic Sea; North Atlantic Ocean,63,17.7
27090,Kagehamn,Sweden,Gulf of Bothnia; Baltic Sea; North Atlantic Ocean,64.833333,21.033333
29220,Koge,Denmark,Baltic Sea; North Atlantic Ocean,55.45,12.2
42490,Miliana,Greece,Aegean Sea; Mediterranean Sea; North Atlantic Ocean,39.166667,23.216667
30695,Busum,Germany,North Sea; North Atlantic Ocean,54.133333,8.866667
30960,Leer,Germany,North Sea; North Atlantic Ocean,53.233333,7.45
31506,Colchester,United Kingdom,North Sea; North Atlantic Ocean,51.883333,0.916667
31665,Howdendyke,United Kingdom,North Sea; North Atlantic Ocean,53.733333,-0.883333
31740,Hartlepool,United Kingdom,North Sea; North Atlantic Ocean,54.7,-1.183333
56010,Atuona,French Polynesia,South Pacific Ocean,-9.816667,-139.033333
31880,Eyemouth,United Kingdom,North Sea; North Atlantic Ocean,55.866667,-2.083333
32420,Kettletoft,United Kingdom,North Sea; North Atlantic Ocean,59.233333,-2.6
32490,Lyness,United Kingdom,North Sea; North Atlantic Ocean,58.833333,-3.2
38690,Mahon,Spain,Mediterranean Sea; North Atlantic Ocean,39.883333,4.266667
38960,Cannes,France,Mediterranean Sea; North Atlantic Ocean,43.55,7.016667
43562,Medgidia,Romania,Black Sea; North Atlantic Ocean,44.25,28.266667
39180,Olbia,Italy,Tyrrhenian Sea; Mediterranean Sea; North Atlantic Ocean,40.925,9.528
40790,Monfalcone,Italy,Adriatic Sea; Mediterranean Sea; North Atlantic Ocean,45.783333,13.55
41415,Neum,Bosnia and Herzegovina,Adriatic Sea; Mediterranean Sea; North Atlantic Ocean,42.916667,17.6
43260,Kalimnos,Greece,Aegean Sea; Mediterranean Sea; North Atlantic Ocean,36.95,26.983333
43380,Gelibolu,Turkey,Sea of Marmara; Mediterranean Sea; North Atlantic Ocean,40.4,26.666667
43430,Defterdar Burnu,Turkey,Sea of Marmara; Mediterranean Sea; North Atlantic Ocean,41.05,29.033333
43558,Basarabi,Romania,Black Sea; North Atlantic Ocean,44.166667,28.433333
43565,Danube-Black Sea Canal,Romania,Black Sea; North Atlantic Ocean,44.266667,28.183333
43568,Midia,Romania,Black Sea; North Atlantic Ocean,44.35,28.666667
59080,Bais,Philippines,Philippine inland seas; North Pacific Ocean,9.6,123.116667
59343,Masao,Philippines,Bohol Sea; Philippine inland seas; North Pacific Ocean,9,125.416667
59710,Cagayan De Oro,Philippines,Bohol Sea; Philippine inland seas; North Pacific Ocean,8.5,124.666667
60120,Chung Ching,China,Gulf of Tonkin; South China Sea; North Pacific Ocean,29.566667,106.633333
60130,Lianyungang,China,Yellow Sea; North Pacific Ocean,34.733333,119.45
61564,Hirohata,Japan,Sea of Japan; North Pacific Ocean,34.766667,134.633333
61568,Higashi-Harima,Japan,Sea of Japan; North Pacific Ocean,34.7,134.833333
61573,Kakogawa,Japan,Sea of Japan; North Pacific Ocean,34.7,134.833333
61605,Fukuyama,Japan,Sea of Japan; North Pacific Ocean,34.433333,133.433333
61630,Onomichi-Itozaki,Japan,Sea of Japan; North Pacific Ocean,34.383333,133.166667
61655,Kanokawa Ko,Japan,Sea of Japan; North Pacific Ocean,34.183333,132.433333
61822,Kanazawa,Japan,Sea of Japan; North Pacific Ocean,36.616667,136.6
61850,Fushiki-Toyama,Japan,Sea of Japan; North Pacific Ocean,36.766667,137.133333
61865,Naoetsu Ko,Japan,Sea of Japan; North Pacific Ocean,37.183333,138.25
62030,Matsuyama,Japan,Sea of Japan; North Pacific Ocean,33.85,132.7
62060,Kikuma Ko,Japan,Sea of Japan; North Pacific Ocean,34.033333,132.833333
62070,Imabari Ko,Japan,Sea of Japan; North Pacific Ocean,34.066667,133.016667
62079,Onoda,Japan,Korea Strait; North Pacific Ocean,34,131.183333
62160,Oita Ko,Japan,Korea Strait; North Pacific Ocean,33.25,131.666667
62250,Minamata Ko,Japan,East China Sea; North Pacific Ocean,32.2,130.383333
62290,Miike Ko,Japan,East China Sea; North Pacific Ocean,33,130.416667
62420,Karatsu,Japan,Korea Strait; North Pacific Ocean,33.483333,129.966667
62510,Hirara Ko,Japan,East China Sea; North Pacific Ocean,24.8,125.283333
15600,La Union,El Salvador,North Pacific Ocean,13.333333,-87.833333
16400,Oleum,United States,North Pacific Ocean,38.05,-122.266667
48278,Abu Zaby,United Arab Emirates,Persian Gulf; Indian Ocean,24.5,54.333333
46800,Mossel Bay,South Africa,Indian Ocean,-34.17472222,22.14611111
48270,Ajman,United Arab Emirates,Persian Gulf; Indian Ocean,25.416667,55.433333
19785,Coal Point,United States,Cook Inlet; Gulf of Alaska; North Pacific Ocean,59.6014,-151.4111
2200,Port De Becancour,Canada,Gulf of Saint Lawrence; North Atlantic Ocean,46.4,-72.383333
14150,Puerto Yartou,Chile,South Pacific Ocean,-53.883333,-70.15
18850,Sointula,Canada,Alaska-Canada coastal waters; North Pacific Ocean,50.633333,-127.016667
19140,Ward Cove,United States,Alaska-Canada coastal waters; North Pacific Ocean,55.4,-131.733333
18670,Victoria Harbor,Canada,Alaska-Canada coastal waters; North Pacific Ocean,48.433333,-123.383333
13790,Quequen,Argentina,South Atlantic Ocean,-38.583333,-58.7
16385,Sausalito,United States,North Pacific Ocean,37.85,-122.483333
19030,Port Clements,Canada,Alaska-Canada coastal waters; North Pacific Ocean,53.683333,-132.183333
2980,Oshawa,Canada,Lake Ontario; Great Lakes,43.866667,-78.816667
18942,Porpoise Harbor,Canada,Alaska-Canada coastal waters; North Pacific Ocean,54.216667,-130.283333
18235,Port Mellon,Canada,Alaska-Canada coastal waters; North Pacific Ocean,49.516667,-123.483333
12275,Puerto De Hierro,Venezuela,Caribbean Sea; North Atlantic Ocean,10.633333,-62.1
3250,Port Colborne,Canada,Lake Erie; Great Lakes,42.883333,-79.25
3700,Sarnia,Canada,Lake Saint Clair; Great Lakes,42.983333,-82.416667
2150,Riviere Du Loup,Canada,Gulf of Saint Lawrence; North Atlantic Ocean,47.833333,-69.516667
13570,Parana,Argentina,Rio de la Plata; South Atlantic Ocean,-31.716667,-60.533333
13560,Santa Fe,Argentina,Rio de la Plata; South Atlantic Ocean,-31.65,-60.7
12600,Tutoia,Brazil,South Atlantic Ocean,-2.783333,-42.283333
610,Paamuit (Frederikshab),Greenland,Labrador Sea; North Atlantic Ocean,62,-49.666667
15000,Punta Lobitos (Bahia De Huarmey),Peru,South Pacific Ocean,-10.1,-78.166667
15995,Rosarito,Mexico,North Pacific Ocean,32.366667,-117.1
16980,The Dalles,United States,Alaska-Canada coastal waters; North Pacific Ocean,45.6,-121.183333
13660,Ramallo,Argentina,Rio de la Plata; South Atlantic Ocean,-33.483333,-60.016667
13980,Ushuaia,Argentina,Drake Passage; South Atlantic Ocean,-54.816667,-68.3
3270,Port Dover,Canada,Lake Erie; Great Lakes,42.783333,-80.2
19320,Washington Bay,United States,Alaska-Canada coastal waters; North Pacific Ocean,56.733333,-134.35
12740,Porto De Suape,Brazil,South Atlantic Ocean,-8.4,-34.966667
3092,Thorold,Canada,Lake Ontario; Great Lakes,43.083333,-79.716667
14270,Puerto Montt,Chile,South Pacific Ocean,-41.483333,-72.966667
13970,Rio Grande,Argentina,South Atlantic Ocean,-53.783333,-67.683333
3650,Walpole Island,Canada,Lake Saint Clair; Great Lakes,42.616667,-82.516667
12960,Sao Sebastiao,Brazil,South Atlantic Ocean,-23.8,-45.4
2030,Rimouski,Canada,Gulf of Saint Lawrence; North Atlantic Ocean,48.45,-68.516667
13080,Porto Alegre,Brazil,South Atlantic Ocean,-30.033333,-51.233333
3390,Windsor,Canada,Lake Erie; Great Lakes,42.316667,-83.033333
9220,Pasadena,United States,Gulf of Mexico; North Atlantic Ocean,29.716667,-95.216667
3890,Thornbury,Canada,Lake Huron; Great Lakes,44.566667,-80.45
12415,Paranam,Suriname,North Atlantic Ocean,5.616667,-55.1
19050,Queen Charlotte,Canada,Alaska-Canada coastal waters; North Pacific Ocean,53.25,-132.083333
8667,Port Manatee,United States,Gulf of Mexico; North Atlantic Ocean,27.633333,-82.566667
19920,Port Obrien,United States,Gulf of Alaska; North Pacific Ocean,57.733333,-153.316667
18730,Port Alberni,Canada,Alaska-Canada coastal waters; North Pacific Ocean,49.233333,-124.816667
13000,Sao Francisco,Brazil,South Atlantic Ocean,-26.25,-48.633333
18660,Sidney,Canada,Alaska-Canada coastal waters; North Pacific Ocean,48.65,-123.383333
12970,Santos,Brazil,South Atlantic Ocean,-23.95,-46.3
3530,Sandusky,United States,Lake Erie; Great Lakes,41.45,-82.716667
16590,Sacramento,United States,North Pacific Ocean,38.583333,-121.5
14190,Puerto Natales,Chile,South Pacific Ocean,-51.716667,-72.566667
13170,Paysandu,Uruguay,Rio de la Plata; South Atlantic Ocean,-32.316667,-58.066667
8670,Tampa,United States,Gulf of Mexico; North Atlantic Ocean,27.916667,-82.45
8320,Richmond,United States,North Atlantic Ocean,37.533333,-77.416667
4350,Port Huron,United States,Lake Saint Clair; Great Lakes,43,-82.433333
13965,San Sebastian Bay,Argentina,South Atlantic Ocean,-53.166667,-68.5
13830,Puerto Nacional,Argentina,South Atlantic Ocean,-38.8,-62.283333
13640,Villa Constitucion,Argentina,Rio de la Plata; South Atlantic Ocean,-33.233333,-60.333333
13840,Puerto Galvan,Argentina,South Atlantic Ocean,-38.783333,-62.3
18330,Westview,Canada,Alaska-Canada coastal waters; North Pacific Ocean,49.83416667,-124.5319444
17900,Richardson,United States,Alaska-Canada coastal waters; North Pacific Ocean,48.45,-122.9
3000,Toronto,Canada,Lake Ontario; Great Lakes,43.616667,-79.383333
13960,Puerto Gallegos,Argentina,South Atlantic Ocean,-51.616667,-68.966667
18760,Ucluelet,Canada,North Pacific Ocean,48.95,-125.55
8610,Palm Beach,United States,North Atlantic Ocean,26.766667,-80.05
13630,Rosario,Argentina,Rio de la Plata; South Atlantic Ocean,-32.95,-60.633333
13650,San Nicolas,Argentina,Rio de la Plata; South Atlantic Ocean,-33.333333,-60.233333
13690,Puerto Ibicuy,Argentina,Rio de la Plata; South Atlantic Ocean,-33.75,-59.183333
9280,Port Oconnor,United States,Gulf of Mexico; North Atlantic Ocean,28.45,-96.4
12850,Vitoria,Brazil,South Atlantic Ocean,-20.316667,-40.333333
17410,Silverdale,United States,Alaska-Canada coastal waters; North Pacific Ocean,47.65,-122.7
14640,Puerto Chanaral,Chile,South Pacific Ocean,-26.35,-70.65
16560,Walnut Grove,United States,North Pacific Ocean,38.233333,-121.516667
14220,Puerto Castro,Chile,South Pacific Ocean,-42.483333,-73.766667
3710,Point Edward,Canada,Lake Huron; Great Lakes,43,-82.416667
2210,Trois Rivieres,Canada,Gulf of Saint Lawrence; North Atlantic Ocean,46.35,-72.55
2710,Rockport,Canada,Lake Ontario; Great Lakes,44.383333,-75.933333
13820,Puerto Ingeniero White,Argentina,South Atlantic Ocean,-38.8,-62.266667
13600,Puerto San Martin,Argentina,Rio de la Plata; South Atlantic Ocean,-32.716667,-60.733333
12491,Vila Do Conde,Brazil,South Atlantic Ocean,-1.55,-48.75
8630,Port Everglades,United States,North Atlantic Ocean,26.1,-80.116667
3070,Port Weller,Canada,Lake Ontario; Great Lakes,43.233333,-79.216667
1955,Sept Iles,Canada,Gulf of Saint Lawrence; North Atlantic Ocean,50.2,-66.383333
16120,Port Hueneme,United States,North Pacific Ocean,34.15,-119.2
18160,Port Moody,Canada,Alaska-Canada coastal waters; North Pacific Ocean,49.283333,-122.883333
14075,Puerto Williams,Chile,Drake Passage; South Atlantic Ocean,-54.933333,-67.6
14650,Taltal,Chile,South Pacific Ocean,-25.4,-70.483333
13981,Villa Constitucion,Argentina,Rio de la Plata; South Atlantic Ocean,-33.3,-60.333333
15030,Puerto De Chimbote,Peru,South Pacific Ocean,-9.083333,-78.616667
3660,Sombra,Canada,Lake Saint Clair; Great Lakes,42.716667,-82.483333
3590,Wyandotte,United States,Lake Erie; Great Lakes,42.2,-83.15
3010,Port Credit,Canada,Lake Ontario; Great Lakes,43.55,-79.583333
13700,Zarate,Argentina,Rio de la Plata; South Atlantic Ocean,-34.083333,-59.033333
8830,Port Sulphur,United States,Gulf of Mexico; North Atlantic Ocean,29.483333,-89.683333
12855,Tubarao,Brazil,South Atlantic Ocean,-20.283333,-40.25
3090,Welland,Canada,Lake Erie; Great Lakes,43,-79.25
13940,Puerto San Julian,Argentina,South Atlantic Ocean,-49.316667,-67.7
11770,Point Fortin,Trinidad and Tobago,Caribbean Sea; North Atlantic Ocean,10.2,-61.7
8530,Savannah,United States,North Atlantic Ocean,32.083333,-81.083333
15110,Pimental,Peru,South Pacific Ocean,-6.833333,-79.933333
2180,Quebec,Canada,Gulf of Saint Lawrence; North Atlantic Ocean,46.816667,-71.216667
12980,Paranagua,Brazil,South Atlantic Ocean,-25.5,-48.516667
18340,Powell River,Canada,Alaska-Canada coastal waters; North Pacific Ocean,49.866667,-124.533333
2220,Sorel,Canada,Gulf of Saint Lawrence; North Atlantic Ocean,46.05,-73.116667
14130,Port San Juan De La Juan,Chile,South Pacific Ocean,-53.633333,-70.916667
8460,Wrightsville,United States,North Atlantic Ocean,34.216667,-77.816667
13610,San Lorenzo,Argentina,Rio de la Plata; South Atlantic Ocean,-32.75,-60.733333
14080,Punta Delgada,Chile,South Atlantic Ocean,-52.466667,-69.55
8440,Swansboro,United States,North Atlantic Ocean,34.683333,-77.133333
9510,Progreso,Mexico,Gulf of Mexico; North Atlantic Ocean,21.283333,-89.666667
13860,San Blas,Argentina,South Atlantic Ocean,-40.566667,-62.233333
18960,Port Simpson,Canada,Alaska-Canada coastal waters; North Pacific Ocean,54.566667,-130.433333
28550,Parnu,Estonia,Gulf of Riga; Baltic Sea; North Atlantic Ocean,58.383351,24.480001
28520,Heltermaa,Estonia,Gulf of Riga; Baltic Sea; North Atlantic Ocean,58.866684,23.048341
46855,Richards Bay,South Africa,Indian Ocean,-28.81,32.09833333
28740,Gdynia,Poland,Baltic Sea; North Atlantic Ocean,54.533333,18.55
28710,Gdansk,Poland,Baltic Sea; North Atlantic Ocean,54.35,18.666667
28790,Darlowo,Poland,Baltic Sea; North Atlantic Ocean,54.433333,16.416667
28800,Kolobrzeg,Poland,Baltic Sea; North Atlantic Ocean,54.216667,15.55
29085,Nekso,Denmark,Baltic Sea; North Atlantic Ocean,55.066667,15.133333
24960,Klintehamn,Sweden,Baltic Sea; North Atlantic Ocean,57.383333,18.2
62130,Kokura Ko,Japan,Korea Strait; North Pacific Ocean,33.883333,130.883333
41045,Omisalj,Croatia,Adriatic Sea; Mediterranean Sea; North Atlantic Ocean,45.216667,14.55
40100,Messina,Italy,Mediterranean Sea; North Atlantic Ocean,38.2,15.566667
30725,Itzehoe,Germany,North Sea; North Atlantic Ocean,53.916667,9.516667
35750,Calais,France,English Channel; North Atlantic Ocean,50.966667,1.85
35740,Gravelines,France,North Sea; North Atlantic Ocean,51,2.116667
5480,Grand Marais,United States,Lake Superior; Great Lakes,47.75,-90.333333
4800,Chicago,United States,Lake Michigan; Great Lakes,41.883333,-87.6
12935,Guaiba Island Terminal,Brazil,South Atlantic Ocean,-23.016667,-44.033333
2975,Contrecour,Canada,Gulf of Saint Lawrence; North Atlantic Ocean,45.883333,-73.2
29720,Nysted,Denmark,Baltic Sea; North Atlantic Ocean,54.666667,11.733333
52090,Gorontalo,Indonesia,Teluk Tomini; Molucca Sea; South Pacific Ocean,0.5,123.05
5350,Copper Harbor,United States,Lake Superior; Great Lakes,47.466667,-87.866667
13710,Campana,Argentina,Rio de la Plata; South Atlantic Ocean,-34.15,-58.966667
45814,Nouakchott,Mauritania,North Atlantic Ocean,18.033333,-16.033333
36220,Le Legue,France,English Channel; North Atlantic Ocean,48.533333,-2.75
60000,Nanjing,China,East China Sea; North Pacific Ocean,32.083333,118.75
9080,Port Arthur,United States,Gulf of Mexico; North Atlantic Ocean,29.833333,-93.966667
400,Seydhisfjordhur,Iceland,Norwegian Sea; North Atlantic Ocean,65.266667,-14
13670,San Pedro,Argentina,Rio de la Plata; South Atlantic Ocean,-33.583333,-59.816667
60060,Hankow,China,East China Sea; North Pacific Ocean,30.583333,114.283333
46305,Bata,Equatorial Guinea,Gulf of Guinea; North Atlantic Ocean,1.866667,9.766667
45165,Al Iskandariyh (Alexandria),Egypt,Mediterranean Sea; North Atlantic Ocean,31.166667,29.833333
42920,Limin Sirou,Greece,Aegean Sea; Mediterranean Sea; North Atlantic Ocean,37.433333,24.95
42200,Elevsis,Greece,Aegean Sea; Mediterranean Sea; North Atlantic Ocean,38.033333,23.55
35732,Dunkerque Port Ouest,France,North Sea; North Atlantic Ocean,51.066667,2.35
18441,Duncan Bay,Canada,Alaska-Canada coastal waters; North Pacific Ocean,50.066667,-125.283333
14500,Bahia De Valparaiso,Chile,South Pacific Ocean,-33.033333,-71.616667
14340,Bahia De Valdivia,Chile,South Pacific Ocean,-39.8,-73.25
5740,Georgetown,Canada,Gulf of Saint Lawrence; North Atlantic Ocean,46.183333,-62.533333
4230,Bruce Mines,Canada,Lake Huron; Great Lakes,46.283333,-83.783333
4170,Gore Bay,Canada,Lake Huron; Great Lakes,45.916667,-82.466667
4050,Byng Inlet,Canada,Lake Huron; Great Lakes,45.766667,-80.566667
3050,Hamilton,Canada,Lake Ontario; Great Lakes,43.25,-79.85
2740,Kingston,Canada,Lake Ontario; Great Lakes,44.233333,-76.5
18630,Lyall Harbor,Canada,Alaska-Canada coastal waters; North Pacific Ocean,48.8,-123.2
46330,Luba,Equatorial Guinea,Gulf of Guinea; North Atlantic Ocean,3.5,8.566667
2310,Oka Sur Le Lac,Canada,Lake Ontario; Great Lakes,45.466667,-74.083333
2420,Montebello,Canada,Lake Ontario; Great Lakes,45.65,-74.933333
2510,Gatineau,Canada,Lake Ontario; Great Lakes,45.483333,-75.65
2530,Hull,Canada,Lake Ontario; Great Lakes,45.433333,-75.7
5130,Goulais Bay,Canada,Lake Superior; Great Lakes,46.733333,-84.5
42760,Mitilini,Greece,Aegean Sea; Mediterranean Sea; North Atlantic Ocean,39.1,26.566667
42820,Khios,Greece,Aegean Sea; Mediterranean Sea; North Atlantic Ocean,38.366667,26.133333
30720,Brunsbuttel Canal Terminals,Germany,North Sea; North Atlantic Ocean,53.9,9.15
42310,Dhiavlos Steno,Greece,Aegean Sea; Mediterranean Sea; North Atlantic Ocean,38.45,23.6
43030,Milos,Greece,Aegean Sea; Mediterranean Sea; North Atlantic Ocean,36.716667,24.45
43155,Ayios Nikolaos,Greece,Aegean Sea; Mediterranean Sea; North Atlantic Ocean,35.2,25.716667
43250,Limin Kos,Greece,Aegean Sea; Mediterranean Sea; North Atlantic Ocean,36.9,27.283333
47310,Fomboni,Comoros,Mozambique Channel; Indian Ocean,-12.266667,43.75
5180,Heron Bay,Canada,Lake Superior; Great Lakes,48.65,-86.316667
27610,Hellnas,Finland,Gulf of Bothnia; Baltic Sea; North Atlantic Ocean,63.283333,22.233333
18525,Harmac,Canada,Alaska-Canada coastal waters; North Pacific Ocean,49.133333,-123.85
6170,Goldsboro,Canada,North Atlantic Ocean,45.183333,-61.65
56015,Baie Taiohae,French Polynesia,South Pacific Ocean,-8.933333,-140.083333
57825,Huangpuxingang,China,South China Sea; North Pacific Ocean,23.05,113.5
20498,Bernard Harbor,Canada,Northwest Passages; Arctic Ocean,68.783333,-114.766667
14560,Bahia Herradura Guayacan,Chile,South Pacific Ocean,-29.966667,-71.366667
15645,Acajutla Offshore Terminal,El Salvador,North Pacific Ocean,13.583333,-89.866667
18916,Klemtu,Canada,Alaska-Canada coastal waters; North Pacific Ocean,52.6,-128.516667
2370,Chute A Blondeau,Canada,Lake Ontario; Great Lakes,45.583333,-74.466667
2390,Hawkesbury,Canada,Lake Ontario; Great Lakes,45.616667,-74.616667
2400,Fassett,Canada,Lake Ontario; Great Lakes,45.65,-74.866667
2480,Cumberland,Canada,Lake Ontario; Great Lakes,45.516667,-75.4
2490,Masson,Canada,Lake Ontario; Great Lakes,45.533333,-75.416667
2550,Beauharnois,Canada,Lake Ontario; Great Lakes,45.316667,-73.883333
2830,Millhaven,Canada,Lake Ontario; Great Lakes,44.2,-76.733333
4120,Manitowaning,Canada,Lake Huron; Great Lakes,45.75,-81.8
11050,Las Calderas,Dominican Republic,Caribbean Sea; North Atlantic Ocean,18.216667,-70.516667
45151,Damietta,Egypt,Mediterranean Sea; North Atlantic Ocean,31.483333,31.75
46340,Cogo,Equatorial Guinea,Gulf of Guinea; North Atlantic Ocean,1.083333,9.7
46451,Etame Terminal,Gabon,South Atlantic Ocean,-3.75,10.516667
47320,Moutsamoudu,Comoros,Indian Ocean,-12.15,44.4
47340,Dzaoudzi,Comoros,Mozambique Channel; Indian Ocean,-12.783333,45.25
28496,Meeruse,Estonia,Gulf of Finland; Baltic Sea; North Atlantic Ocean,59.45087,24.6722
28498,Bekkeri,Estonia,Gulf of Finland; Baltic Sea; North Atlantic Ocean,59.45454,24.66745
28492,Lahesuu,Estonia,Gulf of Finland; Baltic Sea; North Atlantic Ocean,59.4570562,24.70300272
14635,Puerto Calderilla,Chile,South Pacific Ocean,-27.083333,-70.866667
2430,Papineauville,Canada,Lake Ontario; Great Lakes,45.616667,-75.016667
14250,Puerto Quemchi,Chile,South Pacific Ocean,-42.15,-73.483333
3330,Pelee I North Wharf,Canada,Lake Erie; Great Lakes,41.816667,-82.666667
41950,Yithion,Greece,Mediterranean Sea; North Atlantic Ocean,36.75,22.566667
18090,Steveston,Canada,Alaska-Canada coastal waters; North Pacific Ocean,49.133333,-123.183333
14630,Puerto Caldera,Chile,South Pacific Ocean,-27.05,-70.833333
15490,Puerto Quepos,Costa Rica,North Pacific Ocean,9.433333,-84.166667
41910,Pilos,Greece,Mediterranean Sea; North Atlantic Ocean,36.9,21.666667
2300,Vaudreuil,Canada,Lake Ontario; Great Lakes,45.4,-74.033333
3095,St Catherine,Canada,Lake Ontario; Great Lakes,43.183333,-79.283333
2880,Picton,Canada,Lake Ontario; Great Lakes,44.016667,-77.133333
3110,Queenston,Canada,Lake Erie; Great Lakes,43.166667,-79.066667
44910,Xeros,Cyprus,Mediterranean Sea; North Atlantic Ocean,35.133333,32.833333
36850,St Nazaire,France,Bay of Biscay; North Atlantic Ocean,47.283333,-2.2
3810,Wiarton,Canada,Lake Huron; Great Lakes,44.75,-81.133333
15275,Puerto Maritimo De Guayaquil,Ecuador,South Pacific Ocean,-2.283333,-79.9
40980,Zaliv Rasa,Croatia,Adriatic Sea; Mediterranean Sea; North Atlantic Ocean,45.05,14.066667
14470,Puerto San Antonio,Chile,South Pacific Ocean,-33.583333,-71.616667
45172,Sidi Kerir (Kurayr),Egypt,Mediterranean Sea; North Atlantic Ocean,31.1,29.616667
38770,Port Saint Louis Du Rhone,France,Gulf of Lion; Mediterranean Sea; North Atlantic Ocean,43.383333,4.816667
42860,Pithagorion,Greece,Aegean Sea; Mediterranean Sea; North Atlantic Ocean,37.683333,26.95
2990,Port Whitby,Canada,Lake Ontario; Great Lakes,43.85,-78.933333
14800,Rada De Arica,Chile,South Pacific Ocean,-18.466667,-70.333333
29905,Skaerbaek,Denmark,Kattegat; North Atlantic Ocean,55.516667,9.616667
39100,Port D' Ajaccio,France,Mediterranean Sea; North Atlantic Ocean,41.916667,8.75
2340,St Andrews East,Canada,Lake Ontario; Great Lakes,45.566667,-74.333333
2590,St Anicet,Canada,Lake Ontario; Great Lakes,45.133333,-74.366667
46310,Serpentina Terminal,Equatorial Guinea,Gulf of Guinea; North Atlantic Ocean,3.8,8.083333
4220,Thessalon,Canada,Lake Huron; Great Lakes,46.25,-83.566667
2470,Rockland,Canada,Lake Ontario; Great Lakes,45.55,-75.3
35840,Port Of Le Havre,France,English Channel; North Atlantic Ocean,49.483333,0.116667
14100,Rada Punta Arenas,Chile,South Pacific Ocean,-53.166667,-70.9
14000,Stanley,Falkland Islands (Islas Malvinas),South Atlantic Ocean,-51.7,-57.833333
39090,Port De Propriano,France,Mediterranean Sea; North Atlantic Ocean,41.683333,8.9
2330,St Placide,Canada,Lake Ontario; Great Lakes,45.533333,-74.2
35950,Rade De Cherbourg,France,English Channel; North Atlantic Ocean,49.65,-1.633333
3760,Southampton,Canada,Lake Huron; Great Lakes,44.5,-81.383333
2570,St Zotique,Canada,Lake Ontario; Great Lakes,45.25,-74.25
14330,Puerto De Corral,Chile,South Pacific Ocean,-39.866667,-73.433333
2460,Thurso,Canada,Lake Ontario; Great Lakes,45.6,-75.233333
2730,Wolfe Island,Canada,Lake Ontario; Great Lakes,44.2,-76.433333
35850,Port Of Rouen,France,English Channel; North Atlantic Ocean,49.45,1.066667
2600,South Lancaster,Canada,Lake Ontario; Great Lakes,45.133333,-74.5
47985,Zeit Bay Terminal,Egypt,Gulf of Suez; Red Sea; Indian Ocean,27.833333,33.6
48060,Ras Abu Zanimah,Egypt,Gulf of Suez; Red Sea; Indian Ocean,29.033333,33.116667
62118,Hibikinada,Japan,Korea Strait; North Pacific Ocean,33.933333,130.833333
61480,Nagoya Ko,Japan,Sea of Japan; North Pacific Ocean,35.066667,136.866667
45320,Misratah,Libya,Mediterranean Sea; North Atlantic Ocean,32.366667,15.216667
45290,Ez Zueitina,Libya,Gulf of Sidra; Mediterranean Sea; North Atlantic Ocean,30.85,20.05
45280,Banghazi,Libya,Mediterranean Sea; North Atlantic Ocean,32.116667,20.05
50045,Kijang,Indonesia,Natuna Sea; South China Sea; South Pacific Ocean,0.85,104.6
48390,Khawr Al Amaya,Iraq,Persian Gulf; Indian Ocean,29.783333,48.8
48360,Mina Abd Allah,Kuwait,Persian Gulf; Indian Ocean,29.016667,48.166667
40250,Augusta,Italy,Mediterranean Sea; North Atlantic Ocean,37.216667,15.233333
50340,Ardjuna Oil Field,Indonesia,Java Sea; South Pacific Ocean,-5.883333,107.716667
45323,Khoms,Libya,Mediterranean Sea; North Atlantic Ocean,32.666667,14.25
45337,Bouri Oil Field,Libya,Mediterranean Sea; North Atlantic Ocean,33.9,12.65
450,Budir,Iceland,North Atlantic Ocean,64.933333,-14.016667
61875,Eastern Part Of Niigata-Ko,Japan,Sea of Japan; North Pacific Ocean,38.016667,139.233333
45850,Kamsar,Guinea,North Atlantic Ocean,10.633333,-14.616667
45857,Benti,Guinea,North Atlantic Ocean,9.166667,-13.2
48361,Mina Al Ahmadi,Kuwait,Persian Gulf; Indian Ocean,29.066667,48.166667
48540,Jask,Iran,Gulf of Oman; Indian Ocean,25.633333,57.766667
51850,Gunung Batu Besar,Indonesia,Makassar Strait; South Pacific Ocean,-2.616667,116.3
52760,Namlea,Indonesia,Ceram Sea; Banda Sea; South Pacific Ocean,-3.283333,127.083333
51330,Larantuka,Indonesia,Savu Sea; Indian Ocean,-8.35,122.983333
51340,Ende,Indonesia,Savu Sea; Indian Ocean,-8.833333,121.65
45110,Ashqelon,Israel,Mediterranean Sea; North Atlantic Ocean,31.666667,34.5
45220,Mersa Tobruq,Libya,Mediterranean Sea; North Atlantic Ocean,32.083333,23.983333
45330,Mina Tarabulus (Tripoli),Libya,Mediterranean Sea; North Atlantic Ocean,32.9,13.183333
48406,Khawr Al Zubair Lng Terminal,Iraq,Persian Gulf; Indian Ocean,30.133333,47.916667
48530,Jazireh-Ye Hormoz,Iran,Strait of Hormuz; Indian Ocean,27.1,56.45
48535,Jazireh-Ye Sirri,Iran,Persian Gulf; Indian Ocean,25.9,54.55
50518,Kuala Tanjung,Indonesia,Strait of Malacca; Indian Ocean,3.366667,99.483333
51736,Mostyn,Malaysia,Celebes Sea; North Pacific Ocean,4.683333,118.25
51860,Kota Baru,Indonesia,Makassar Strait; South Pacific Ocean,-3.233333,116.216667
52230,Kolonodale,Indonesia,Banda Sea; South Pacific Ocean,-1.983333,121.333333
52260,Baubau,Indonesia,Banda Sea; South Pacific Ocean,-5.466667,122.616667
53100,Fakfak,Indonesia,Ceram Sea; Banda Sea; South Pacific Ocean,-2.933333,132.283333
56025,Canton Island,Kiribati,South Pacific Ocean,-2.833333,-171.716667
61642,Mitsukojima,Japan,Sea of Japan; North Pacific Ocean,34.183333,132.516667
61820,Fukui Ko,Japan,Sea of Japan; North Pacific Ocean,36.183333,136.1
34020,Westport,Ireland,North Atlantic Ocean,53.8,-9.533333
45296,Ras   Lanuf,Libya,Gulf of Sidra; Mediterranean Sea; North Atlantic Ocean,30.516667,18.566667
15570,Puerto De Hencan,Honduras,North Pacific Ocean,13.4,-87.45
51720,Pelabuhan Sandakan,Malaysia,Sulu Sea; North Pacific Ocean,5.833333,118.116667
61353,Soma,Japan,North Pacific Ocean,37.833333,140.95
11450,Pointe A Pitre,Guadeloupe,Caribbean Sea; North Atlantic Ocean,16.233333,-61.533333
50805,Sungaipakning,Indonesia,Strait of Malacca; Indian Ocean,1.35,102.166667
11670,St George's,Grenada,Caribbean Sea; North Atlantic Ocean,12.05,-61.75
52270,Raha Roadstead,Indonesia,Banda Sea; South Pacific Ocean,-4.85,122.733333
48468,Sirus Oil Terminal,Iran,Persian Gulf; Indian Ocean,29.016667,49.483333
51584,Tg. Mani,Malaysia,South China Sea; North Pacific Ocean,2.15,111.35
51803,Tanjung Sangata,Indonesia,Makassar Strait; South Pacific Ocean,0.366667,117.566667
51504,Widuri Marine Terminal,Indonesia,Java Sea; South Pacific Ocean,-4.666667,106.65
50300,Sungaigerong,Indonesia,Natuna Sea; South China Sea; South Pacific Ocean,-2.983333,104.833333
59385,Mangagoy,Philippines,Bohol Sea; Philippine inland seas; North Pacific Ocean,8.233333,126.316667
48295,Jazirat Halul,Qatar,Persian Gulf; Indian Ocean,25.683333,52.416667
47160,Muqdisho,Somalia,Indian Ocean,2.033333,45.35
47150,Marka,Somalia,Indian Ocean,1.716667,44.783333
46235,Odudu Terminal,Nigeria,Gulf of Guinea; North Atlantic Ocean,4,7.766667
14860,Bahia De Matarani,Peru,South Pacific Ocean,-17,-72.116667
46161,Forcados Oil Terminal,Nigeria,Bight of Benin; Gulf of Guinea; North Atlantic Ocean,5.166667,5.183333
46206,Bonny Offshore Terminal,Nigeria,Gulf of Guinea; North Atlantic Ocean,4.183333,7.233333
57275,Baie De Kouaoua,New Caledonia,Coral Sea; South Pacific Ocean,-21.383333,165.816667
23465,Akrahamn,Norway,North Sea; North Atlantic Ocean,59.266667,5.183333
11550,Fort De France,Martinique,Caribbean Sea; North Atlantic Ocean,14.6,-61.066667
57890,Chi-Lung,Taiwan,East China Sea; North Pacific Ocean,25.133333,121.766667
57953,Mailiao,Taiwan,Taiwan Strait; North Pacific Ocean,23.783333,120.166667
60330,Kunsan,South Korea,Yellow Sea; North Pacific Ocean,35.983333,126.616667
44180,Anapa,Russia,Black Sea; North Atlantic Ocean,44.883333,37.316667
56840,Bialla,Papua New Guinea,Bismarck Sea; South Pacific Ocean,-5.3,150.983333
14060,Grytviken,South Georgia and South Sandwich Islands,South Atlantic Ocean,-54.266667,-36.5
28310,Gavan Vysotsk,Russia,Gulf of Finland; Baltic Sea; North Atlantic Ocean,60.616667,28.566667
27130,Brannfors,Sweden,Gulf of Bothnia; Baltic Sea; North Atlantic Ocean,65.016667,21.383333
59670,Jimenez,Philippines,Bohol Sea; Philippine inland seas; North Pacific Ocean,8.333333,123.866667
14960,Bahia De Ancon,Peru,South Pacific Ocean,-11.75,-77.183333
15200,Caleta Lobitos,Peru,South Pacific Ocean,-4.45,-81.283333
44210,Gelendzhik,Russia,Black Sea; North Atlantic Ocean,44.55,38.066667
11160,Bahia De Fajardo,Puerto Rico,Caribbean Sea; North Atlantic Ocean,18.333333,-65.633333
46670,Georgetown,"Saint Helena, Ascension, and Tristan da Cunha",South Atlantic Ocean,-7.933333,-14.416667
56350,Enitwetak Island,Marshall Islands,North Pacific Ocean,11.333333,162.333333
57437,Map Ta Phut,Thailand,Gulf of Thailand; South China Sea; North Pacific Ocean,12.666667,101.166667
55230,Manukau Harbor,New Zealand,Tasman Sea; South Pacific Ocean,-36.933333,174.783333
38190,Arrecife,Spain,North Atlantic Ocean,28.95,-13.533333
58740,Maasin,Philippines,Bohol Sea; Philippine inland seas; North Pacific Ocean,10.133333,124.833333
56370,Kwajalein,Marshall Islands,North Pacific Ocean,8.716667,167.733333
21315,Olavsvern,Norway,Norwegian Sea; North Atlantic Ocean,69.52562925,19.00754929
46195,Qua Iboe Oil Terminal,Nigeria,Gulf of Guinea; North Atlantic Ocean,4.233333,8.033333
14840,Puerto Ilo,Peru,South Pacific Ocean,-17.633333,-71.366667
47700,Saint-Pierre,Reunion,Indian Ocean,-21.35,55.466667
47680,Saint-Denis,Reunion,Indian Ocean,-20.866667,55.45
15210,Puerto Cabo Blanco,Peru,South Pacific Ocean,-4.25,-81.233333
27250,Torehamn,Sweden,Gulf of Bothnia; Baltic Sea; North Atlantic Ocean,65.9,22.65
14980,Puerto De Huacho,Peru,South Pacific Ocean,-11.116667,-77.616667
28370,Sankt-Peterburg,Russia,Gulf of Finland; Baltic Sea; North Atlantic Ocean,59.933333,30.3
14950,Puerto Del Callao,Peru,South Pacific Ocean,-12.05,-77.15
45821,Rufisque,Senegal,North Atlantic Ocean,14.7,-17.283333
11110,San Juan,Puerto Rico,North Atlantic Ocean,18.466667,-66.116667
47220,Victoria,Seychelles,Indian Ocean,-4.616667,55.45
13250,Puerto De Asuncion,Paraguay,Rio de la Plata; South Atlantic Ocean,-25.266667,-57.683333
44140,Temryuk,Russia,Sea of Azov; Black Sea; North Atlantic Ocean,45.35,37.35
11280,Playa De Guanica,Puerto Rico,Caribbean Sea; North Atlantic Ocean,17.966667,-66.916667
45720,Port D Al Hoceima,Morocco,Mediterranean Sea; North Atlantic Ocean,35.25,-3.916667
11260,Playa De Ponce,Puerto Rico,Caribbean Sea; North Atlantic Ocean,17.983333,-66.616667
11270,Playa De Guayanilla,Puerto Rico,Caribbean Sea; North Atlantic Ocean,18.016667,-66.766667
55320,Port Lyttelton,New Zealand,South Pacific Ocean,-43.6,172.716667
59070,San Carlos,Philippines,Philippine inland seas; North Pacific Ocean,10.483333,123.416667
56530,Tinian,Northern Mariana Islands,North Pacific Ocean,14.966667,145.616667
58800,Palompon,Philippines,Philippine inland seas; North Pacific Ocean,11.05,124.383333
56975,Port Noro,Solomon Islands,Solomon Sea; South Pacific Ocean,-8.216667,157.183333
57434,Tantawan Marine Terminal,Thailand,Gulf of Thailand; South China Sea; North Pacific Ocean,10.083333,101.416667
57460,Si Racha Terminal,Thailand,Gulf of Thailand; South China Sea; North Pacific Ocean,13.116667,100.883333
58640,Port Borongan,Philippines,Philippine inland seas; North Pacific Ocean,11.6,125.433333
57443,Rayong Tpi Terminal,Thailand,Gulf of Thailand; South China Sea; North Pacific Ocean,12.633333,101.3
48282,Jabal Az Zannah/ruways,United Arab Emirates,Persian Gulf; Indian Ocean,24.2,52.7
45440,Banzart,Tunisia,Mediterranean Sea; North Atlantic Ocean,37.283333,9.883333
43900,Kerch,Ukraine,Black Sea; North Atlantic Ocean,45.35,36.483333
43850,Feodosiya,Ukraine,Black Sea; North Atlantic Ocean,45.016667,35.433333
43645,Illichivsk,Ukraine,Black Sea; North Atlantic Ocean,46.3,30.65
35290,Falmouth Harbour,United Kingdom,English Channel; North Atlantic Ocean,50.15,-5.066667
35015,Newport,United Kingdom,Bristol Channel; North Atlantic Ocean,51.55,-2.983333
45808,Ad Dakhla,Western Sahara,North Atlantic Ocean,23.7,-15.916667
12210,Bahia De Pertigalete,Venezuela,Caribbean Sea; North Atlantic Ocean,10.233333,-64.566667
32980,Castle Bay,United Kingdom,North Atlantic Ocean,56.95,-7.483333
43370,Eceabat,Turkey,Sea of Marmara; Mediterranean Sea; North Atlantic Ocean,40.183333,26.366667
43435,Istinye,Turkey,Sea of Marmara; Mediterranean Sea; North Atlantic Ocean,41.116667,29.05
57655,Mui Vung Tau,Vietnam,South China Sea; North Pacific Ocean,10.316667,107.066667
44625,Golcuk Burnu,Turkey,Sea of Marmara; Mediterranean Sea; North Atlantic Ocean,40.733333,29.816667
44802,Botas Dortyol Oil Terminal,Turkey,Mediterranean Sea; North Atlantic Ocean,36.866667,36.133333
45809,Laayoune,Western Sahara,North Atlantic Ocean,27.083333,-13.433333
43700,Belgorod-Dnestrovsky,Ukraine,Black Sea; North Atlantic Ocean,46.183333,30.366667
45370,Houmt Souk,Tunisia,Mediterranean Sea; North Atlantic Ocean,33.883333,10.85
45390,Mersa Sfax,Tunisia,Mediterranean Sea; North Atlantic Ocean,34.733333,10.766667
57520,Duong Dong,Vietnam,Gulf of Thailand; South China Sea; North Pacific Ocean,10.216667,103.966667
48274,Al Hamriyah Lpg Terminal,United Arab Emirates,Persian Gulf; Indian Ocean,25.466667,55.483333
31390,Chatham Docks,United Kingdom,North Sea; North Atlantic Ocean,51.4,0.55
48271,Ash Shariqah,United Arab Emirates,Persian Gulf; Indian Ocean,25.416667,55.366667
11750,Point Lisas Industrial Port,Trinidad and Tobago,Caribbean Sea; North Atlantic Ocean,10.4,-61.5
45460,Tabarka,Tunisia,Mediterranean Sea; North Atlantic Ocean,36.966667,8.766667
43673,Port Oktyabrsk,Ukraine,Black Sea; North Atlantic Ocean,46.833333,31.933333
13130,Puerto Sauce,Uruguay,Rio de la Plata; South Atlantic Ocean,-34.433333,-57.45
57610,Vinh Cam Ranh,Vietnam,South China Sea; North Pacific Ocean,11.883333,109.166667
48152,Salif,Yemen,Red Sea; Indian Ocean,15.3,42.666667
48650,Bedi,India,Arabian Sea; Indian Ocean,22.57305556,70.04555556
48605,Muhamamad Bin Qasim,Pakistan,Arabian Sea; Indian Ocean,24.766667,67.35
48600,Karachi,Pakistan,Arabian Sea; Indian Ocean,24.783333,66.983333
48617,Mundra,India,Arabian Sea; Indian Ocean,22.72833333,69.70666667
48670,Okha,India,Arabian Sea; Indian Ocean,22.46805556,69.07972222
8170,Ocean City,United States,North Atlantic Ocean,38.333333,-75.083333
7920,Chrome,United States,North Atlantic Ocean,40.566667,-74.216667
7895,Bayway,United States,North Atlantic Ocean,40.633333,-74.2
7690,Catskill,United States,North Atlantic Ocean,42.216667,-73.85
7680,Kingston,United States,North Atlantic Ocean,41.933333,-73.966667
7660,Newburgh,United States,North Atlantic Ocean,41.5,-74
7520,Essex,United States,North Atlantic Ocean,41.35,-72.383333
7510,Norwich,United States,North Atlantic Ocean,41.516667,-72.083333
7450,Montauk Harbor,United States,North Atlantic Ocean,41.066667,-71.933333
56272,Barber's Point,United States,North Pacific Ocean,21.316667,-158.116667
56260,Kaunakakai,United States,North Pacific Ocean,21.083333,-157.033333
56200,Lahaina,United States,North Pacific Ocean,20.866667,-156.666667
17080,Hoquiam,United States,North Pacific Ocean,46.966667,-123.9
7320,Falmouth,United States,North Atlantic Ocean,41.55,-70.616667
6770,Bass Harbor,United States,North Atlantic Ocean,44.233333,-68.35
19820,Kodiak,United States,Gulf of Alaska; North Pacific Ocean,57.783333,-152.4
19795,Nikiski,United States,Cook Inlet; Gulf of Alaska; North Pacific Ocean,60.683333,-151.4
19530,Funter,United States,Alaska-Canada coastal waters; North Pacific Ocean,58.25,-134.9
19240,Hydaburg,United States,Alaska-Canada coastal waters; North Pacific Ocean,55.2,-132.833333
19220,Kasaan,United States,Alaska-Canada coastal waters; North Pacific Ocean,55.533333,-132.4
17920,Friday Harbor,United States,Alaska-Canada coastal waters; North Pacific Ocean,48.533333,-123.016667
17100,Neah Bay,United States,Alaska-Canada coastal waters; North Pacific Ocean,48.366667,-124.616667
16720,Bandon,United States,North Pacific Ocean,43.116667,-124.416667
16660,Fields Landing,United States,North Pacific Ocean,40.716667,-124.216667
5410,Bayfield,United States,Lake Superior; Great Lakes,46.8,-90.816667
5280,Marquette,United States,Lake Superior; Great Lakes,46.533333,-87.383333
5020,Marinette,United States,Lake Michigan; Great Lakes,45.083333,-87.6
4960,Kaukauna,United States,Lake Michigan; Great Lakes,44.283333,-88.266667
4780,Indiana Harbor,United States,Lake Michigan; Great Lakes,41.666667,-87.433333
4750,Michigan City,United States,Lake Michigan; Great Lakes,41.733333,-86.9
4510,Cheboygan,United States,Lake Huron; Great Lakes,45.65,-84.466667
20480,Barrow,United States,Arctic Ocean,71.283333,-156.783333
19910,Larsen Bay,United States,Gulf of Alaska; North Pacific Ocean,57.533333,-153.983333
16410,Mare Island,United States,North Pacific Ocean,38.1,-122.266667
9250,Freeport,United States,Gulf of Mexico; North Atlantic Ocean,28.95,-95.333333
8790,Biloxi,United States,Gulf of Mexico; North Atlantic Ocean,30.383333,-88.883333
8490,Georgetown,United States,North Atlantic Ocean,33.366667,-79.283333
4470,Alpena,United States,Lake Huron; Great Lakes,45.066667,-83.416667
5270,Munising,United States,Lake Superior; Great Lakes,46.416667,-86.65
19310,Kake,United States,Alaska-Canada coastal waters; North Pacific Ocean,56.966667,-133.933333
7330,Nantucket,United States,North Atlantic Ocean,41.283333,-70.1
7410,Bristol,United States,North Atlantic Ocean,41.666667,-71.266667
8850,Gretna,United States,Gulf of Mexico; North Atlantic Ocean,29.916667,-90.066667
20250,Naknek,United States,Bristol Bay; Bering Sea; North Pacific Ocean,58.716667,-157.016667
20280,Ekuk,United States,Bristol Bay; Bering Sea; North Pacific Ocean,58.816667,-158.566667
20340,Kotlik,United States,Bering Sea; North Pacific Ocean,63.033333,-163.55
20450,Kotzebue,United States,Chukchi Sea; Arctic Ocean,66.916667,-162.583333
4610,Charlevoix,United States,Lake Michigan; Great Lakes,45.316667,-85.266667
4820,Great Lakes,United States,Lake Michigan; Great Lakes,42.3,-87.833333
16838,Ilwaco,United States,North Pacific Ocean,46.3,-124.05
16920,Kalama,United States,North Pacific Ocean,46.016667,-122.85
17840,Coupeville,United States,Alaska-Canada coastal waters; North Pacific Ocean,48.233333,-122.683333
19450,Elfin Cove,United States,Alaska-Canada coastal waters; North Pacific Ocean,58.2,-136.35
19788,Ninilchik,United States,Cook Inlet; Gulf of Alaska; North Pacific Ocean,60.05,-151.683333
6660,Milbridge,United States,North Atlantic Ocean,44.533333,-67.883333
6790,Brooklin,United States,North Atlantic Ocean,44.266667,-68.583333
56160,Kawaihae,United States,North Pacific Ocean,20.033333,-155.833333
19890,Karluk,United States,Gulf of Alaska; North Pacific Ocean,57.566667,-154.45
20240,Egegik,United States,Bristol Bay; Bering Sea; North Pacific Ocean,58.2,-157.366667
5310,L Anse,United States,Lake Superior; Great Lakes,46.766667,-88.466667
5420,La Pointe,United States,Lake Superior; Great Lakes,46.783333,-90.783333
19090,Hyder,United States,Alaska-Canada coastal waters; North Pacific Ocean,55.916667,-130
19805,Drift River,United States,Cook Inlet; Gulf of Alaska; North Pacific Ocean,60.55,-152.133333
6850,North Haven,United States,North Atlantic Ocean,44.133333,-68.866667
8040,Deepwater Point,United States,North Atlantic Ocean,39.7,-75.516667
8200,Havre De Grace,United States,North Atlantic Ocean,39.533333,-76.083333
8330,Hertford,United States,North Atlantic Ocean,36.183333,-76.466667
8895,Convent,United States,Gulf of Mexico; North Atlantic Ocean,30.016667,-90.833333
16480,Martinez,United States,North Pacific Ocean,38.033333,-122.133333
16550,Isleton,United States,North Pacific Ocean,38.166667,-121.6
7120,Augusta,United States,North Atlantic Ocean,44.316667,-69.766667
7220,Beverly,United States,North Atlantic Ocean,42.533333,-70.883333
7310,Hyannis,United States,North Atlantic Ocean,41.65,-70.283333
8150,Bristol,United States,North Atlantic Ocean,40.1,-74.85
16960,Camas,United States,North Pacific Ocean,45.583333,-122.4
19270,Klawock,United States,Alaska-Canada coastal waters; North Pacific Ocean,55.55,-133.1
16570,Courtland,United States,North Pacific Ocean,38.333333,-121.566667
19260,Craig,United States,Alaska-Canada coastal waters; North Pacific Ocean,55.466667,-133.15
8480,Southport,United States,North Atlantic Ocean,33.916667,-78.016667
8740,Port St Joe,United States,Gulf of Mexico; North Atlantic Ocean,29.816667,-85.316667
8920,St Rose,United States,Gulf of Mexico; North Atlantic Ocean,29.95,-90.316667
9310,Port Aransas,United States,Gulf of Mexico; North Atlantic Ocean,27.833333,-97.05
8510,Port Royal,United States,North Atlantic Ocean,32.366667,-80.683333
19400,Port Alexander,United States,Alaska-Canada coastal waters; North Pacific Ocean,56.25,-134.65
19380,Port Armstrong,United States,Alaska-Canada coastal waters; North Pacific Ocean,56.3,-134.666667
16450,Port Costa,United States,North Pacific Ocean,38.05,-122.183333
20230,Ugashik,United States,Bristol Bay; Bering Sea; North Pacific Ocean,57.533333,-157.416667
4620,Traverse City,United States,Lake Michigan; Great Lakes,44.766667,-85.616667
19620,Yakutat,United States,Gulf of Alaska; North Pacific Ocean,59.55,-139.733333
3580,Trenton,United States,Lake Erie; Great Lakes,42.133333,-83.166667
9320,Port Ingleside,United States,Gulf of Mexico; North Atlantic Ocean,27.816667,-97.183333
19760,Seward,United States,Gulf of Alaska; North Pacific Ocean,60.1,-149.433333
20130,Unalaska,United States,Bering Sea; North Pacific Ocean,53.866667,-166.533333
5290,Presque Isle,United States,Lake Superior; Great Lakes,46.566667,-87.383333
7280,Plymouth,United States,North Atlantic Ocean,41.95,-70.666667
6760,Swans Island,United States,North Atlantic Ocean,44.133333,-68.45
19210,Wrangell,United States,Alaska-Canada coastal waters; North Pacific Ocean,56.466667,-132.383333
16270,Santa Cruz,United States,North Pacific Ocean,36.966667,-122.016667
8930,Reserve,United States,Gulf of Mexico; North Atlantic Ocean,30.05,-90.55
3420,Tonawanda,United States,Lake Erie; Great Lakes,43.033333,-78.883333
19440,Pelican,United States,Alaska-Canada coastal waters; North Pacific Ocean,57.966667,-136.233333
17940,Roche  Harbor,United States,Alaska-Canada coastal waters; North Pacific Ocean,48.616667,-123.166667
17040,Westhaven Cove,United States,North Pacific Ocean,46.916667,-124.116667
5400,Washburn,United States,Lake Superior; Great Lakes,46.666667,-90.883333
16370,Point Richmond,United States,North Pacific Ocean,37.916667,-122.366667
6690,Sorrento,United States,North Atlantic Ocean,44.466667,-68.183333
19410,Sitka,United States,Alaska-Canada coastal waters; North Pacific Ocean,57.05,-135.333333
4430,Tawas City,United States,Lake Huron; Great Lakes,44.266667,-83.5
19780,Seldovia,United States,Cook Inlet; Gulf of Alaska; North Pacific Ocean,59.433333,-151.733333
8893,St. James,United States,Gulf of Mexico; North Atlantic Ocean,29.9792,-90.8275
9260,Palacios,United States,Gulf of Mexico; North Atlantic Ocean,28.683333,-96.216667
3540,Port Clinton,United States,Lake Erie; Great Lakes,41.516667,-82.933333
16520,Stockton,United States,North Pacific Ocean,37.95,-121.3
7030,South Bristol,United States,North Atlantic Ocean,43.866667,-69.55
4740,St Joseph,United States,Lake Michigan; Great Lakes,42.116667,-86.483333
20305,Platinum,United States,Bering Sea; North Pacific Ocean,59.016667,-161.833333
4600,Petoskey,United States,Lake Michigan; Great Lakes,45.366667,-84.966667
19770,Port Graham,United States,Cook Inlet; Gulf of Alaska; North Pacific Ocean,59.35,-151.816667
16540,Rio Vista,United States,North Pacific Ocean,38.15,-121.7
19280,Steamboat Bay,United States,Alaska-Canada coastal waters; North Pacific Ocean,55.533333,-133.633333
20360,St. Michael,United States,Bering Sea; North Pacific Ocean,63.483333,-162.033333
19740,San Juan Cannery,United States,Gulf of Alaska; North Pacific Ocean,60.05,-148.066667
8590,St Augustine,United States,North Atlantic Ocean,29.9,-81.316667
8822,Southwest Pass,United States,Gulf of Mexico; North Atlantic Ocean,28.45,-90.7
6990,Thomaston,United States,North Atlantic Ocean,44.066667,-69.183333
7140,South Harpswell,United States,North Atlantic Ocean,43.733333,-70.016667
4340,St Clair,United States,Lake Saint Clair; Great Lakes,42.816667,-82.483333
16190,Pismo Beach,United States,North Pacific Ocean,35.133333,-120.65
16380,Point San Pablo,United States,North Pacific Ocean,37.966667,-122.433333
6720,Southwest Harbor,United States,North Atlantic Ocean,44.283333,-68.316667
19300,Petersburg,United States,Alaska-Canada coastal waters; North Pacific Ocean,56.816667,-132.95
8350,Plymouth,United States,North Atlantic Ocean,35.866667,-76.75
8870,Port Of Memphis,United States,Gulf of Mexico; North Atlantic Ocean,35.066667,-90.166667
19990,Port William,United States,Gulf of Alaska; North Pacific Ocean,58.483333,-152.583333
17250,Poulsbo,United States,Alaska-Canada coastal waters; North Pacific Ocean,47.733333,-122.65
3550,Put In Bay,United States,Lake Erie; Great Lakes,41.65,-82.816667
16930,St Helens,United States,North Pacific Ocean,45.866667,-122.8
19810,Ouzinkie,United States,Gulf of Alaska; North Pacific Ocean,57.916667,-152.5
7940,Sewaren,United States,North Atlantic Ocean,40.55,-74.25
17990,Orcas,United States,Alaska-Canada coastal waters; North Pacific Ocean,48.6,-122.933333
16390,Pinole Point,United States,North Pacific Ocean,38.016667,-122.366667
7580,Southport,United States,North Atlantic Ocean,41.133333,-73.283333
8160,Trenton,United States,North Atlantic Ocean,40.2,-74.766667
7760,Weehawken,United States,North Atlantic Ocean,40.766667,-74.016667
7730,Rensselaer,United States,North Atlantic Ocean,42.65,-73.75
19680,Whittier,United States,Gulf of Alaska; North Pacific Ocean,60.77833333,-148.6944444
7670,Poughkeepsie,United States,North Atlantic Ocean,41.7,-73.95
7650,Yonkers,United States,North Atlantic Ocean,40.933333,-73.9
7430,Quonset Point,United States,North Atlantic Ocean,41.583333,-71.4
8190,Salisbury,United States,North Atlantic Ocean,38.366667,-75.6
32440,Kirkwall,United Kingdom,North Sea; North Atlantic Ocean,58.983333,-2.966667
32730,Sorvagur,Faroe Islands,North Atlantic Ocean,62.083333,-7.25
32340,Cromarty,United Kingdom,North Sea; North Atlantic Ocean,57.683333,-4.033333
32702,Runavik,Faroe Islands,Norwegian Sea; North Atlantic Ocean,62.116667,-6.716667
32676,Vagur,Faroe Islands,North Atlantic Ocean,61.483333,-6.8
32780,Scrabster Harbor,United Kingdom,North Atlantic Ocean,58.616667,-3.55
32720,Vestmanna,Faroe Islands,North Atlantic Ocean,62.15,-7.166667
32600,Lerwick,United Kingdom,North Sea; North Atlantic Ocean,60.167,-1.15
32680,Tvoroyri,Faroe Islands,North Atlantic Ocean,61.55,-6.8
32740,Fuglafjordur,Faroe Islands,Norwegian Sea; North Atlantic Ocean,62.25,-6.8
32450,Stromness,United Kingdom,North Atlantic Ocean,58.966667,-3.3
32750,Klaksvik,Faroe Islands,Norwegian Sea; North Atlantic Ocean,62.233333,-6.583333
32690,Torshavn,Faroe Islands,Norwegian Sea; North Atlantic Ocean,62,-6.75
34560,Greenore,Ireland,Irish Sea; North Atlantic Ocean,54.033333,-6.133333
3360,Kingsville,Canada,Lake Erie; Great Lakes,42.016667,-82.733333
34360,Cork,Ireland,Celtic Sea; North Atlantic Ocean,51.85,-8.266667
62550,Bukhta Nagayeva (Magadan),Russia,Sea of Okhotsk; North Pacific Ocean,59.566667,150.716667
59860,Fuzhou,China,East China Sea; North Pacific Ocean,26.083333,119.3
60390,Busan,South Korea,Korea Strait; North Pacific Ocean,35.1,129.033333
60385,Chinae,South Korea,Korea Strait; North Pacific Ocean,35.133333,128.65
57864,Dongshan,China,South China Sea; North Pacific Ocean,23.75666667,117.505
62225,Kiire,Japan,East China Sea; North Pacific Ocean,31.383333,130.55
15830,Topolobampo,Mexico,Gulf of California; North Pacific Ocean,25.6,-109.066667
46130,Lagos,Nigeria,Bight of Benin; Gulf of Guinea; North Atlantic Ocean,6.4,3.4
33780,Kilroot,United Kingdom,North Atlantic Ocean,54.733333,-5.716667
15850,Guaymas,Mexico,Gulf of California; North Pacific Ocean,27.916667,-110.916667
3490,Cleveland,United States,Lake Erie; Great Lakes,41.5,-81.716667
3560,Toledo,United States,Lake Erie; Great Lakes,41.7,-83.466667
60610,Vladivostok,Russia,Sea of Japan; North Pacific Ocean,43.10888889,131.8883333
15765,Lazaro Cardenas,Mexico,North Pacific Ocean,17.933333,-102.166667
60980,Uglegorsk,Russia,Tatar Strait; North Pacific Ocean,49.083333,142.033333
48263,Khawr Fakkan,United Arab Emirates,Gulf of Oman; Indian Ocean,25.36277778,56.36888889
46320,Malabo,Equatorial Guinea,Gulf of Guinea; North Atlantic Ocean,3.75,8.783333
61280,Hachinohe Ko,Japan,North Pacific Ocean,40.533333,141.55
60410,Pohang,South Korea,Sea of Japan; North Pacific Ocean,36.05,129.383333
61250,Rumoi Ko,Japan,Sea of Japan; North Pacific Ocean,43.95,141.633333
15880,Isla San Marcos,Mexico,Gulf of California; North Pacific Ocean,27.183333,-112.1
36460,Rade De Brest,France,North Atlantic Ocean,48.383333,-4.5
60820,Nikolayevsk Na Amur,Russia,Tatar Strait; North Pacific Ocean,53.133333,140.733333
57935,Tan-Shui,Taiwan,East China Sea; North Pacific Ocean,25.183333,121.4
38010,Lagos,Portugal,North Atlantic Ocean,37.1,-8.616667
15790,Puerto Vallarta,Mexico,North Pacific Ocean,20.616667,-105.266667
61045,Lazarev,Russia,Tatar Strait; North Pacific Ocean,52.216667,141.516667
6000,Sydney,Canada,North Atlantic Ocean,46.15,-60.2
60810,De Kastri,Russia,Tatar Strait; North Pacific Ocean,51.466667,140.783333
15870,Santa Rosalia,Mexico,Gulf of California; North Pacific Ocean,27.333333,-112.283333
6920,Belfast,United States,North Atlantic Ocean,44.416667,-69
60540,Pos'yet,Russia,Sea of Japan; North Pacific Ocean,42.65,130.8
15770,Manzanillo,Mexico,North Pacific Ocean,19.05,-104.316667
50922,Merak Mas Terminal,Indonesia,"Indian Ocean, Java Sea; South Pacific Ocean",-5.919166667,105.9972222
15920,La Paz,Mexico,Gulf of California; North Pacific Ocean,24.166667,-110.316667
15975,Puerto Morro Redondo,Mexico,North Pacific Ocean,28.05,-115.183333
54620,Port Hedland,Australia,Indian Ocean,-20.316667,118.583333
46470,Pointe Noire,Congo (Brazzaville),South Atlantic Ocean,-4.783333,11.833333
48250,Mina Qabus,Oman,Gulf of Oman; Indian Ocean,23.633333,58.583333
60930,Nevelsk,Russia,Tatar Strait; North Pacific Ocean,46.666667,141.866667
54520,Fremantle,Australia,Indian Ocean,-32.05,115.75
3570,Monroe,United States,Lake Erie; Great Lakes,41.883333,-83.333333
7870,Gulfport SI,United States,North Atlantic Ocean,40.633333,-74.2
16830,Toledo,United States,North Pacific Ocean,44.616667,-123.933333
54630,Broome,Australia,Indian Ocean,-17.966667,122.233333
10006,Cockburn Town,The Bahamas,North Atlantic Ocean,24.05,-74.533333
54555,Useless Loop,Australia,Indian Ocean,-26.083333,113.4
54540,Geraldton,Australia,Indian Ocean,-28.783333,114.6
62495,Kin Wan,Japan,East China Sea; North Pacific Ocean,26.416667,127.9
33770,Belfast,United Kingdom,North Atlantic Ocean,54.616667,-5.9
60940,Kholmsk,Russia,Tatar Strait; North Pacific Ocean,47.05,142.05
33145,Kilkeel,United Kingdom,Irish Sea; North Atlantic Ocean,54.05,-5.983333
48255,Mina Al Fahl,Oman,Gulf of Oman; Indian Ocean,23.633333,58.516667
60730,Nakhodka,Russia,Sea of Japan; North Pacific Ocean,42.8,132.883333
46640,Walvis Bay,Namibia,South Atlantic Ocean,-22.95,14.5
62505,Nakagusuku,Japan,East China Sea; North Pacific Ocean,26.266667,127.916667
46280,Douala,Cameroon,Gulf of Guinea; North Atlantic Ocean,4.05,9.683333
60795,Sovetskaya Gavan,Russia,Tatar Strait; North Pacific Ocean,48.97361111,140.2680556
34480,Dublin,Ireland,Irish Sea; North Atlantic Ocean,53.35,-6.25
1957,Pointe Noire,Canada,Gulf of Saint Lawrence; North Atlantic Ocean,50.166667,-66.483333
60800,Bukhta Vanino,Russia,Tatar Strait; North Pacific Ocean,49.083333,140.283333
33790,Larne,United Kingdom,North Atlantic Ocean,54.85,-5.8
7850,Port Richmond SI,United States,North Atlantic Ocean,40.65,-74.133333
60380,Masan,South Korea,Korea Strait; North Pacific Ocean,35.183333,128.566667
57870,Xiamen,China,Taiwan Strait; North Pacific Ocean,24.45,118.066667
15810,Mazatlan,Mexico,North Pacific Ocean,23.2,-106.416667
46210,Port Harcourt,Nigeria,Gulf of Guinea; North Atlantic Ocean,4.766667,7
33680,Warren Point,United Kingdom,Irish Sea; North Atlantic Ocean,54.1,-6.25
15760,Acapulco,Mexico,North Pacific Ocean,16.85,-99.933333
34390,New Ross,Ireland,Celtic Sea; North Atlantic Ocean,52.383333,-6.95
36680,Lorient,France,Bay of Biscay; North Atlantic Ocean,47.75,-3.35
34025,Drogheda,Ireland,Irish Sea; North Atlantic Ocean,53.716667,-6.3
57760,Haikou,China,South China Sea; North Pacific Ocean,20.05,110.283333
34350,Cobh,Ireland,Celtic Sea; North Atlantic Ocean,51.85,-8.3
42620,Lagos,Greece,Aegean Sea; Mediterranean Sea; North Atlantic Ocean,41,25.133333
59910,Wenzhou,China,East China Sea; North Pacific Ocean,28.016667,120.65
54760,Hobart,Australia,South Pacific Ocean,-42.883333,147.333333
7860,Mariners Harbor SI,United States,North Atlantic Ocean,40.633333,-74.166667
34420,Rosslare,Ireland,Irish Sea; North Atlantic Ocean,52.25,-6.333333
34400,Waterford,Ireland,Celtic Sea; North Atlantic Ocean,52.266667,-7.116667
62497,Nishihara,Japan,East China Sea; North Pacific Ocean,26.216667,127.8
46560,Luanda,Angola,South Atlantic Ocean,-8.8,13.25
60920,Korsakov,Russia,Sea of Okhotsk; North Pacific Ocean,46.616667,142.766667
61545,Wakayama-Shimotsu Ko,Japan,Sea of Japan; North Pacific Ocean,34.2,135.133333
60340,Mokpo,South Korea,Yellow Sea; North Pacific Ocean,34.783333,126.383333
9940,St George,Bermuda,North Atlantic Ocean,32.383333,-64.683333
60725,Vostochnyy,Russia,Sea of Japan; North Pacific Ocean,42.75,133.083333
60500,Ch'ongjin,North Korea,Sea of Japan; North Pacific Ocean,41.766667,129.816667
56100,Honuapo,United States,North Pacific Ocean,19.083333,-155.55
56070,Honokaa,United States,North Pacific Ocean,20.1,-155.466667
47800,Diego Garcia,British Indian Ocean Territory,Indian Ocean,-7.35,72.466667
46430,Libreville,Gabon,Gulf of Guinea; North Atlantic Ocean,0.383333,9.45
48335,Dammam,Saudi Arabia,Persian Gulf; Indian Ocean,26.5,50.2
31670,Goole,United Kingdom,North Sea; North Atlantic Ocean,53.7,-0.833333
31660,Kingston Upon Hull,United Kingdom,North Sea; North Atlantic Ocean,53.75,-0.283333
31650,Immingham,United Kingdom,North Sea; North Atlantic Ocean,53.633333,-0.2
28690,Kaliningrad,Russia,Baltic Sea; North Atlantic Ocean,54.7,20.483333
16650,Fort Bragg,United States,North Pacific Ocean,39.45,-123.816667
20150,Constantine Harbor,United States,Bering Sea; North Pacific Ocean,51.4,179.3
20140,Adak Naval Air Station,United States,Bering Sea; North Pacific Ocean,51.866667,-176.633333
20080,King Cove,United States,North Pacific Ocean,55.05,-162.316667
20050,Baralof Bay,United States,North Pacific Ocean,55.233333,-160.533333
11340,Christiansted,U.S. Virgin Islands,Caribbean Sea; North Atlantic Ocean,17.75,-64.7
11230,Arroyo,Puerto Rico,Caribbean Sea; North Atlantic Ocean,17.966667,-66.066667
16060,Newport Beach,United States,North Pacific Ocean,33.616667,-117.9
31668,New Holland,United Kingdom,North Sea; North Atlantic Ocean,53.7,-0.366667
44860,Mersin,Turkey,Mediterranean Sea; North Atlantic Ocean,36.8,34.633333
46208,Onne,Nigeria,Gulf of Guinea; North Atlantic Ocean,4.683333,7.15
56130,Napoopoo,United States,North Pacific Ocean,19.483333,-155.933333
56170,Mahukona,United States,North Pacific Ocean,20.183333,-155.9
16110,El Segundo,United States,North Pacific Ocean,33.916667,-118.433333
11240,Bahia De Jobos,Puerto Rico,Caribbean Sea; North Atlantic Ocean,17.95,-66.183333
11320,Cruz Bay,U.S. Virgin Islands,North Atlantic Ocean,18.333333,-64.8
20010,Chignik,United States,North Pacific Ocean,56.3,-158.4
20020,Ivanof Bay,United States,North Pacific Ocean,55.8,-159.466667
20085,Cold Bay,United States,North Pacific Ocean,55.2,-162.7
20097,Akutan Harbor,United States,Bering Sea; North Pacific Ocean,54.133333,-165.8
20100,Cannery Bay,United States,Bering Sea; North Pacific Ocean,53.7,-166.75
20110,Makushin,United States,Bering Sea; North Pacific Ocean,53.766667,-166.983333
20160,Kiska,United States,Bering Sea; North Pacific Ocean,51.966667,177.55
60233,Dandong,China,Korea Bay; Yellow Sea; North Pacific Ocean,39.816667,124.15
48343,Ju Aymah Oil Terminal,Saudi Arabia,Persian Gulf; Indian Ocean,26.933333,50.033333
47830,Boosaaso,Somalia,Gulf of Aden; Indian Ocean,11.283333,49.183333
48310,Al Manamah,Bahrain,Persian Gulf; Indian Ocean,26.233333,50.583333
17190,Hoodsport,United States,Alaska-Canada coastal waters; North Pacific Ocean,47.416667,-123.133333
28680,Baltiysk,Russia,Baltic Sea; North Atlantic Ocean,54.633333,19.9
56140,Kailua,United States,North Pacific Ocean,19.633333,-156
56190,Hana,United States,North Pacific Ocean,20.75,-155.983333
58350,Nasugbu,Philippines,South China Sea; North Pacific Ocean,14.083333,120.616667
60280,Nampo,North Korea,Korea Bay; Yellow Sea; North Pacific Ocean,38.716667,125.4
60323,Daesan Hang,South Korea,Yellow Sea; North Pacific Ocean,37.016667,126.4
60430,Mukho,South Korea,Sea of Japan; North Pacific Ocean,37.566667,129.116667
60470,Ch'aho,North Korea,Sea of Japan; North Pacific Ocean,40.2,128.65
20070,Belkofski,United States,North Pacific Ocean,55.083333,-162.033333
20170,Alcan Harbor,United States,Bering Sea; North Pacific Ocean,52.733333,174.066667
20180,Massacre Bay,United States,North Pacific Ocean,52.833333,173.233333
45163,El Maadiya,Egypt,Mediterranean Sea; North Atlantic Ocean,31.266667,30.15
56310,Ahukini Landing,United States,North Pacific Ocean,22,-159.333333
48342,Ju Aymah Lpg Terminal,Saudi Arabia,Persian Gulf; Indian Ocean,26.866667,50.05
48374,Doha Harbor,Kuwait,Persian Gulf; Indian Ocean,29.383333,47.8
11330,Frederiksted,U.S. Virgin Islands,Caribbean Sea; North Atlantic Ocean,17.716667,-64.883333
11901,Covenas Offshore Term.,Colombia,Caribbean Sea; North Atlantic Ocean,9.5,-75.733333
44825,Alanya,Turkey,Mediterranean Sea; North Atlantic Ocean,36.533333,32
48175,Al Mukha,Yemen,Red Sea; Indian Ocean,13.316667,43.25
8270,Fredericksburg,United States,North Atlantic Ocean,38.3,-77.45
30970,Papenburg,Germany,North Sea; North Atlantic Ocean,53.1,7.383333
60310,Haeju Hang,North Korea,Yellow Sea; North Pacific Ocean,38,125.7
60450,Hungnam,North Korea,Sea of Japan; North Pacific Ocean,39.833333,127.616667
60480,Kimch'aek,North Korea,Sea of Japan; North Pacific Ocean,40.666667,129.2
60510,Najin,North Korea,Sea of Japan; North Pacific Ocean,42.233333,130.3
16515,Antioch,United States,North Pacific Ocean,38.016667,-121.8
48269,Al Jazeera Port,United Arab Emirates,Persian Gulf; Indian Ocean,25.716667,55.783333
35990,Saint Sampson,Guernsey,English Channel; North Atlantic Ocean,49.483333,-2.516667
36260,Paimpol,France,English Channel; North Atlantic Ocean,48.783333,-3.05
42400,Porthmos Evripou,Greece,Aegean Sea; Mediterranean Sea; North Atlantic Ocean,38.466667,23.583333
44380,Rize,Turkey,Black Sea; North Atlantic Ocean,41.066667,40.516667
20370,Unalakleet,United States,Bering Sea; North Pacific Ocean,63.883333,-160.783333
31140,Rotterdam,Netherlands,North Sea; North Atlantic Ocean,51.9,4.483333
20425,Shishmaref,United States,Chukchi Sea; Arctic Ocean,66.25,-166.083333
35370,Plymouth,United Kingdom,English Channel; North Atlantic Ocean,50.366667,-4.15
30630,Ringkobing,Denmark,North Sea; North Atlantic Ocean,56.083333,8.25
5440,Port Wing,United States,Lake Superior; Great Lakes,46.783333,-91.383333
31760,Sunderland,United Kingdom,North Sea; North Atlantic Ocean,54.916667,-1.366667
41590,Risan,Montenegro,Adriatic Sea; Mediterranean Sea; North Atlantic Ocean,42.516667,18.7
20060,Unga,United States,North Pacific Ocean,55.183333,-160.5
39360,San Remo,Italy,Mediterranean Sea; North Atlantic Ocean,43.817,7.786
41220,Zadar,Croatia,Adriatic Sea; Mediterranean Sea; North Atlantic Ocean,44.116667,15.216667
45865,Pepel,Sierra Leone,North Atlantic Ocean,8.583333,-13.05
38720,Port-Vendres,France,Gulf of Lion; Mediterranean Sea; North Atlantic Ocean,42.516667,3.116667
35600,Portsmouth Harbour,United Kingdom,English Channel; North Atlantic Ocean,50.8,-1.1
38580,Palamos,Spain,Mediterranean Sea; North Atlantic Ocean,41.833333,3.116667
20492,Police Point,Canada,Amundsen Gulf; Northwest Passages; Arctic Ocean,70.183333,-124.75
33020,Stornoway Harbor,United Kingdom,North Atlantic Ocean,58.183333,-6.366667
32360,Portmahomack Harbor,United Kingdom,North Sea; North Atlantic Ocean,57.833333,-3.833333
37400,Puerto De Bilbao,Spain,Bay of Biscay; North Atlantic Ocean,43.35,-3.05
42470,Volos,Greece,Aegean Sea; Mediterranean Sea; North Atlantic Ocean,39.366667,22.95
34980,Port Talbot,United Kingdom,Bristol Channel; North Atlantic Ocean,51.583333,-3.816667
46178,Yoho Terminal,Nigeria,Gulf of Guinea; North Atlantic Ocean,4.016667,7.466667
44490,Zonguldak,Turkey,Black Sea; North Atlantic Ocean,41.466667,31.816667
36300,Treguier,France,English Channel; North Atlantic Ocean,48.783333,-3.233333
32590,Scalloway,United Kingdom,North Atlantic Ocean,60.133333,-1.283333
20420,Savoonga,United States,Bering Sea; North Pacific Ocean,63.683333,-170.4
23195,Tranneset,Norway,North Sea; North Atlantic Ocean,60.416667,5.016667
6840,Vinalhaven,United States,North Atlantic Ocean,44.05,-68.833333
20210,Port Heiden,United States,Bristol Bay; Bering Sea; North Pacific Ocean,56.883333,-158.7
39720,Portoferraio,Italy,Ligurian Sea; Mediterranean Sea; North Atlantic Ocean,42.816667,10.333333
20175,Skoot Cove,United States,North Pacific Ocean,52.716667,174.066667
32430,Whitehall,United Kingdom,North Sea; North Atlantic Ocean,59.133333,-2.6
6220,Sonora,Canada,North Atlantic Ocean,45.066667,-61.916667
45762,Port Nador,Morocco,Mediterranean Sea; North Atlantic Ocean,35.283333,-2.933333
35630,Shoreham Harbour,United Kingdom,English Channel; North Atlantic Ocean,50.816667,-0.25
46820,Port Elizabeth,South Africa,Indian Ocean,-33.95194444,25.6425
46460,Yombo Terminal,Congo (Brazzaville),South Atlantic Ocean,-4.45,11.1
40940,Rovinj,Croatia,Adriatic Sea; Mediterranean Sea; North Atlantic Ocean,45.083333,13.633333
32470,St Margarets Hope,United Kingdom,North Sea; North Atlantic Ocean,58.833333,-2.95
20494,Pearce Point,Canada,Amundsen Gulf; Northwest Passages; Arctic Ocean,69.816667,-122.75
41690,Vlores,Albania,Adriatic Sea; Mediterranean Sea; North Atlantic Ocean,40.466667,19.5
41320,Split,Croatia,Adriatic Sea; Mediterranean Sea; North Atlantic Ocean,43.5,16.433333
45835,Rio Cacheu,Guinea-Bissau,North Atlantic Ocean,12.283333,-16.233333
35410,Torquay Harbour,United Kingdom,English Channel; North Atlantic Ocean,50.466667,-3.533333
43750,Yevpatoriya,Ukraine,Black Sea; North Atlantic Ocean,45.2,33.383333
38920,Saint-Tropez,France,Mediterranean Sea; North Atlantic Ocean,43.266667,6.633333
27535,Veitsiluoto,Finland,Gulf of Bothnia; Baltic Sea; North Atlantic Ocean,65.7,24.616667
20470,Wainwright,United States,Arctic Ocean,70.65,-160
24635,Stora Jatterson,Sweden,Baltic Sea; North Atlantic Ocean,57.1,16.566667
5770,Summerside,Canada,Gulf of Saint Lawrence; North Atlantic Ocean,46.4,-63.783333
29580,Stubbekobing,Denmark,Baltic Sea; North Atlantic Ocean,54.883333,12.05
44420,Ordu,Turkey,Black Sea; North Atlantic Ocean,41,37.883333
47460,Toliara,Madagascar,Mozambique Channel; Indian Ocean,-23.366667,43.666667
37150,Pauillac,France,Bay of Biscay; North Atlantic Ocean,45.2,-0.75
29710,Rodby Havn,Denmark,Baltic Sea; North Atlantic Ocean,54.65,11.35
42530,Thessaloniki,Greece,Aegean Sea; Mediterranean Sea; North Atlantic Ocean,40.633333,22.933333
44460,Sinop,Turkey,Black Sea; North Atlantic Ocean,42.05,35.166667
28820,Swinoujscie,Poland,Baltic Sea; North Atlantic Ocean,53.916667,14.266667
11190,Playa De Humacao,Puerto Rico,Caribbean Sea; North Atlantic Ocean,18.166667,-65.75
43210,Rodhos,Greece,Mediterranean Sea; North Atlantic Ocean,36.45,28.233333
45380,Skhira,Tunisia,Mediterranean Sea; North Atlantic Ocean,34.283333,10.1
47050,Zanzibar,Tanzania,Indian Ocean,-6.166667,39.183333
38630,Palma De Mallorca,Spain,Mediterranean Sea; North Atlantic Ocean,39.566667,2.633333
41730,Preveza,Greece,Ionian Sea; Mediterranean Sea; North Atlantic Ocean,38.95,20.75
24940,Storugns,Sweden,Baltic Sea; North Atlantic Ocean,57.833333,18.8
28912,Orth,Germany,Baltic Sea; North Atlantic Ocean,54.45,11.05
46750,Saldanha Bay,South Africa,South Atlantic Ocean,-33.033333,17.966667
40615,Vasto,Italy,Adriatic Sea; Mediterranean Sea; North Atlantic Ocean,42.116667,14.716667
31430,Tilbury,United Kingdom,North Sea; North Atlantic Ocean,51.466667,0.333333
20491,Tuktoyaktuk,Canada,Beaufort Sea; Arctic Ocean,69.45,-133
31376,Thamesport,United Kingdom,North Sea; North Atlantic Ocean,51.433333,0.7
45753,Tangier-Mediterranean,Morocco,Strait of Gibraltar; North Atlantic Ocean,35.9,-5.516667
25370,Sandhamn,Sweden,Baltic Sea; North Atlantic Ocean,59.283333,18.916667
45797,Safi,Morocco,North Atlantic Ocean,32.3,-9.25
32460,South Ness,United Kingdom,North Sea; North Atlantic Ocean,58.8,-3.2
43790,Yalta,Ukraine,Black Sea; North Atlantic Ocean,44.483333,34.166667
25280,Oxelosund,Sweden,Baltic Sea; North Atlantic Ocean,58.666667,17.116667
47470,Tolanaro,Madagascar,Indian Ocean,-25.033333,47
36290,Pontrieux,France,English Channel; North Atlantic Ocean,48.7,-3.15
5870,Port Hawkesbury,Canada,North Atlantic Ocean,45.616667,-61.366667
46045,Sekondi,Ghana,Gulf of Guinea; North Atlantic Ocean,4.95,-1.7
39070,Porto Vecchio,France,Tyrrhenian Sea; Mediterranean Sea; North Atlantic Ocean,41.583333,9.283333
33030,Tarbert,United Kingdom,North Atlantic Ocean,57.9,-6.816667
16200,Port San Luis,United States,North Pacific Ocean,35.166667,-120.75
4500,Rogers City,United States,Lake Huron; Great Lakes,45.45,-83.816667
36000,Saint Peter Port,Guernsey,English Channel; North Atlantic Ocean,49.45,-2.533333
37690,San Ciprian,Spain,Bay of Biscay; North Atlantic Ocean,43.7,-7.433333
34196,Valentia,Ireland,North Atlantic Ocean,51.933333,-10.3
35450,Portland Harbour,United Kingdom,English Channel; North Atlantic Ocean,50.583333,-2.433333
38540,Tarragona,Spain,Balearic Sea; Mediterranean Sea; North Atlantic Ocean,41.1,1.233333
25320,Sodertalje,Sweden,Baltic Sea; North Atlantic Ocean,59.183333,17.65
38670,Puerto De Alcudia,Spain,Balearic Sea; Mediterranean Sea; North Atlantic Ocean,39.833333,3.133333
36130,Saint-Malo,France,English Channel; North Atlantic Ocean,48.65,-2.016667
16290,Princetown,United States,North Pacific Ocean,37.5,-122.483333
44603,Yarimca,Turkey,Sea of Marmara; Mediterranean Sea; North Atlantic Ocean,40.8,29.7
37900,Vigo,Spain,North Atlantic Ocean,42.233333,-8.716667
43390,Tekirdag,Turkey,Sea of Marmara; Mediterranean Sea; North Atlantic Ocean,40.983333,27.516667
41620,Tivat,Montenegro,Adriatic Sea; Mediterranean Sea; North Atlantic Ocean,42.433333,18.7
32500,Scapa Bay,United Kingdom,North Sea; North Atlantic Ocean,58.95,-2.983333
42850,Samos,Greece,Aegean Sea; Mediterranean Sea; North Atlantic Ocean,37.75,26.966667
5470,Two Harbors,United States,Lake Superior; Great Lakes,47.016667,-91.65
29545,Stigsnaesvaerket,Denmark,Baltic Sea; North Atlantic Ocean,55.2,11.25
5800,Pictou,Canada,Gulf of Saint Lawrence; North Atlantic Ocean,45.666667,-62.716667
35690,Rye Harbour,United Kingdom,English Channel; North Atlantic Ocean,50.933333,0.766667
33060,Ornsay,United Kingdom,North Atlantic Ocean,57.15,-5.8
32180,Perth,United Kingdom,North Sea; North Atlantic Ocean,56.4,-3.45
38543,Villanueva Y Geltru,Spain,Balearic Sea; Mediterranean Sea; North Atlantic Ocean,41.233333,1.733333
16710,Port Orford,United States,North Pacific Ocean,42.733333,-124.5
40960,Pula,Croatia,Adriatic Sea; Mediterranean Sea; North Atlantic Ocean,44.883333,13.8
20190,Village Cove,United States,Bering Sea; North Pacific Ocean,57.133333,-170.266667
34150,Tarbert,Ireland,North Atlantic Ocean,52.583333,-9.366667
28750,Police,Poland,Baltic Sea; North Atlantic Ocean,53.566667,14.566667
44450,Samsun,Turkey,Black Sea; North Atlantic Ocean,41.3,36.35
26420,Vaja,Sweden,Gulf of Bothnia; Baltic Sea; North Atlantic Ocean,62.983333,17.716667
28828,Wolgast,Germany,Baltic Sea; North Atlantic Ocean,54.05,13.783333
35415,Teignmouth Harbour,United Kingdom,English Channel; North Atlantic Ocean,50.55,-3.5
20390,Solomon,United States,Bering Sea; North Pacific Ocean,64.55,-164.4
32380,Wick,United Kingdom,North Sea; North Atlantic Ocean,58.433333,-3.083333
35170,Padstow,United Kingdom,Celtic Sea; North Atlantic Ocean,50.55,-4.933333
27820,Turku,Finland,Baltic Sea; North Atlantic Ocean,60.45,22.233333
43655,Yuzhnyy,Ukraine,Black Sea; North Atlantic Ocean,46.6,31.016667
24810,Ronehamn,Sweden,Baltic Sea; North Atlantic Ocean,57.116667,18.5
44230,Tuapse,Russia,Black Sea; North Atlantic Ocean,44.1,39.066667
31220,Terneuzen,Netherlands,North Sea; North Atlantic Ocean,51.35,3.816667
38180,Puerto Del Rosario,Spain,North Atlantic Ocean,28.5,-13.85
20090,Sanak,United States,North Pacific Ocean,54.483333,-162.816667
20493,Paulatuk,Canada,Amundsen Gulf; Northwest Passages; Arctic Ocean,69.35,-124.083333
35790,Saint-Valery-Sur-Somme,France,English Channel; North Atlantic Ocean,50.183333,1.616667
41660,Shengjin,Albania,Adriatic Sea; Mediterranean Sea; North Atlantic Ocean,41.816667,19.6
38570,San Feliu De Guixols,Spain,Mediterranean Sea; North Atlantic Ocean,41.783333,3.033333
29660,Sakskobing,Denmark,Baltic Sea; North Atlantic Ocean,54.8,11.633333
39440,Savona,Italy,Ligurian Sea; Mediterranean Sea; North Atlantic Ocean,44.316667,8.5
6500,Windsor,Canada,Bay of Fundy; North Atlantic Ocean,45,-64.15
38750,Sete,France,Gulf of Lion; Mediterranean Sea; North Atlantic Ocean,43.4,3.7
24950,Visby,Sweden,Baltic Sea; North Atlantic Ocean,57.633333,18.283333
8810,Slidell,United States,Gulf of Mexico; North Atlantic Ocean,30.266667,-89.783333
28823,Szczecin,Poland,Baltic Sea; North Atlantic Ocean,53.416667,14.55
29560,Vordingborg,Denmark,Baltic Sea; North Atlantic Ocean,55,11.9
47030,Tanga,Tanzania,Indian Ocean,-5.083333,39.116667
31750,Seaham,United Kingdom,North Sea; North Atlantic Ocean,54.833333,-1.316667
7360,Woods Hole,United States,North Atlantic Ocean,41.516667,-70.666667
35460,Weymouth Harbour,United Kingdom,English Channel; North Atlantic Ocean,50.616667,-2.45
27990,Pargas,Finland,Baltic Sea; North Atlantic Ocean,60.283333,22.066667
32630,Sullom Voe,United Kingdom,North Atlantic Ocean,60.466667,-1.3
36040,Saint Helier Harbour,Jersey,English Channel; North Atlantic Ocean,49.183333,-2.116667
31370,Sheerness,United Kingdom,North Sea; North Atlantic Ocean,51.45,0.75
35560,Yarmouth Harbour,United Kingdom,English Channel; North Atlantic Ocean,50.7,-1.5
46435,Port Owendo,Gabon,Gulf of Guinea; North Atlantic Ocean,0.283333,9.5
43710,Skadovs'k,Ukraine,Black Sea; North Atlantic Ocean,46.1,32.916667
43150,Sitia,Greece,Aegean Sea; Mediterranean Sea; North Atlantic Ocean,35.216667,26.133333
35480,Poole Harbour,United Kingdom,English Channel; North Atlantic Ocean,50.683333,-1.95
46306,Punta Europa Terminal,Equatorial Guinea,Gulf of Guinea; North Atlantic Ocean,3.783333,8.716667
20520,Resolute Bay,Canada,Viscount Melville Sound; Northwest Passages; Arctic Ocean,74.683333,-95.9
45818,St Louis,Senegal,North Atlantic Ocean,16.016667,-16.516667
24840,Slite,Sweden,Baltic Sea; North Atlantic Ocean,57.7,18.816667
38480,Valencia,Spain,Balearic Sea; Mediterranean Sea; North Atlantic Ocean,39.45,-0.316667
20483,Prudhoe Bay,United States,Beaufort Sea; Arctic Ocean,70.333333,-148.416667
37830,Villagarcia De Arosa,Spain,North Atlantic Ocean,42.6,-8.766667
20495,Tysoe Point,Canada,Amundsen Gulf; Northwest Passages; Arctic Ocean,69.6,-120.75
20135,Palisades Point,United States,Bering Sea; North Pacific Ocean,52.233333,-174.166667
38590,Rosas,Spain,Mediterranean Sea; North Atlantic Ocean,42.266667,3.183333
38490,Sagunto,Spain,Balearic Sea; Mediterranean Sea; North Atlantic Ocean,39.65,-0.216667
30730,Rendsburg,Germany,Baltic Sea; North Atlantic Ocean,54.3,9.683333
11934,Puerto Prodeco,Colombia,Caribbean Sea; North Atlantic Ocean,11.15,-74.216667
40505,Torre Del Greco,Italy,Tyrrhenian Sea; Mediterranean Sea; North Atlantic Ocean,40.783333,14.366667
28770,Ustka,Poland,Baltic Sea; North Atlantic Ocean,54.583333,16.85
37040,Rochefort,France,Bay of Biscay; North Atlantic Ocean,45.933333,-0.95
16030,Wilson Cove,United States,North Pacific Ocean,33,-118.55
44803,Yakacik,Turkey,Mediterranean Sea; North Atlantic Ocean,36.716667,36.183333
5960,Whycocomagh,Canada,North Atlantic Ocean,45.966667,-61.133333
37050,Tonnay Charente,France,Bay of Biscay; North Atlantic Ocean,45.933333,-0.9
31720,Teesport,United Kingdom,North Sea; North Atlantic Ocean,54.65,-1.133333
33620,Ramsey,Isle of Man,Irish Sea; North Atlantic Ocean,54.316667,-4.366667
42210,Perama,Greece,Aegean Sea; Mediterranean Sea; North Atlantic Ocean,37.966667,23.566667
28610,Riga,Latvia,Gulf of Riga; Baltic Sea; North Atlantic Ocean,56.95,24.1
38395,Puerto De Carboneras,Spain,Mediterranean Sea; North Atlantic Ocean,37,-1.883333
31765,Tynemouth,United Kingdom,North Sea; North Atlantic Ocean,55,-1.4
35580,Southampton,United Kingdom,English Channel; North Atlantic Ocean,50.9,-1.4
31070,Scheveningen,Netherlands,North Sea; North Atlantic Ocean,52.1,4.266667
33570,Stranraer,United Kingdom,North Atlantic Ocean,54.9,-5.033333
6190,Stormont,Canada,North Atlantic Ocean,45.216667,-61.716667
46940,Pemba,Mozambique,Mozambique Channel; Indian Ocean,-12.966667,40.5
20040,Sand Point,United States,North Pacific Ocean,55.333333,-160.533333
44850,Tasucu,Turkey,Mediterranean Sea; North Atlantic Ocean,36.316667,33.883333
46380,Sao Tome,Sao Tome and Principe,Gulf of Guinea; North Atlantic Ocean,0.35,6.733333
37670,Ribadeo,Spain,Bay of Biscay; North Atlantic Ocean,43.533333,-7.033333
30460,Thyboron,Denmark,North Sea; North Atlantic Ocean,56.7,8.216667
31830,Warkworth Harbour,United Kingdom,North Sea; North Atlantic Ocean,55.333333,-1.583333
35110,Watchet Harbor,United Kingdom,Bristol Channel; North Atlantic Ocean,51.183333,-3.333333
29600,Stege,Denmark,Baltic Sea; North Atlantic Ocean,54.983333,12.283333
44390,Trabzon,Turkey,Black Sea; North Atlantic Ocean,41.016667,39.766667
33370,Rothesay Harbor,United Kingdom,North Atlantic Ocean,55.833333,-5.05
20200,Port Moller,United States,Bering Sea; North Pacific Ocean,55.983333,-160.566667
41090,Senj,Croatia,Adriatic Sea; Mediterranean Sea; North Atlantic Ocean,44.983333,14.9
45435,Tazerka Oil Terminal,Tunisia,Mediterranean Sea; North Atlantic Ocean,36.6,11.683333
28510,Osmussaar,Estonia,Gulf of Finland; Baltic Sea; North Atlantic Ocean,59.3,23.366667
43760,Sevastopol,Ukraine,Black Sea; North Atlantic Ocean,44.616667,33.533333
20496,Sachs Harbor,Canada,Amundsen Gulf; Northwest Passages; Arctic Ocean,71.966667,-125.25
36370,Port De Roscoff-Bloscon,France,English Channel; North Atlantic Ocean,48.733333,-3.983333
33950,Sligo,Ireland,North Atlantic Ocean,54.266667,-8.466667
5880,Port Hastings,Canada,North Atlantic Ocean,45.65,-61.4
5490,Washington Harbor,United States,Lake Superior; Great Lakes,47.916667,-89.15
61230,Otaru Ko,Japan,Sea of Japan; North Pacific Ocean,43.2,141.016667
60435,Sokch'o Hang,South Korea,Sea of Japan; North Pacific Ocean,38.2,128.6
19660,Valdez Marine Terminal,United States,Gulf of Alaska; North Pacific Ocean,61.083333,-146.4
61967,Shingu,Japan,Sea of Japan; North Pacific Ocean,33.666667,135.983333
51030,Pekalongan,Indonesia,Java Sea; South Pacific Ocean,-6.85,109.7
50030,Tanjunguban,Indonesia,Strait of Malacca; Indian Ocean,1.066667,104.216667
55600,Pangai,Tonga,South Pacific Ocean,-19.8,-174.35
62535,Slavyanka,Russia,Sea of Japan; North Pacific Ocean,42.866667,131.383333
3320,Rondeau,Canada,Lake Erie; Great Lakes,42.266667,-81.9
57860,Shan T Ou,China,South China Sea; North Pacific Ocean,23.366667,116.683333
61515,Owase Ko,Japan,Sea of Japan; North Pacific Ocean,34.066667,136.216667
62078,Tonda,Japan,Sea of Japan; North Pacific Ocean,34.033333,131.75
16510,Pittsburg,United States,North Pacific Ocean,38.033333,-121.883333
16970,Washougal,United States,North Pacific Ocean,45.583333,-122.35
61380,Tokyo Ko,Japan,North Pacific Ocean,35.666667,139.75
59680,Port Ozamis,Philippines,Bohol Sea; Philippine inland seas; North Pacific Ocean,8.133333,123.85
62255,Yatsushiro Ko,Japan,East China Sea; North Pacific Ocean,32.5,130.533333
61390,Yokohama Ko,Japan,North Pacific Ocean,35.45,139.583333
58460,San Fernando Harbor,Philippines,South China Sea; North Pacific Ocean,16.616667,120.316667
8050,Wilmington,United States,North Atlantic Ocean,39.733333,-75.55
48273,Umm Al Qaywayn,United Arab Emirates,Persian Gulf; Indian Ocean,25.583333,55.583333
8245,Piney Point,United States,North Atlantic Ocean,38.133333,-76.533333
62115,Tobata,Japan,Korea Strait; North Pacific Ocean,33.916667,130.816667
10773,Rocky Point,Jamaica,Caribbean Sea; North Atlantic Ocean,17.816667,-77.15
59976,Taicang,China,East China Sea; North Pacific Ocean,31.65,121.2
49850,Pulau Pinang,Malaysia,Strait of Malacca; Indian Ocean,5.416667,100.35
49930,Port Klang,Malaysia,Strait of Malacca; Indian Ocean,3,101.4
58590,Port Romblon,Philippines,Philippine inland seas; North Pacific Ocean,12.583333,122.266667
57955,Tai-Chung Kang,Taiwan,Taiwan Strait; North Pacific Ocean,24.3,120.5
59970,Shanghai,China,East China Sea; North Pacific Ocean,31.216667,121.5
52480,Teluk Beo,Indonesia,Molucca Sea; North Pacific Ocean,4.233333,126.783333
61900,Sakata Ko,Japan,Sea of Japan; North Pacific Ocean,38.933333,139.816667
50015,Pulau Sebarok,Singapore,Strait of Malacca; Indian Ocean,1.2,103.8
48240,Qalhat Lng Terminal,Oman,Gulf of Oman; Indian Ocean,22.683333,59.4
61420,Shimoda Ko,Japan,North Pacific Ocean,34.666667,138.95
28500,Vene-Balti,Estonia,Gulf of Finland; Baltic Sea; North Atlantic Ocean,59.45696,24.65636
51870,Stagen,Indonesia,Makassar Strait; South Pacific Ocean,-3.3,116.15
28540,Virtsu,Estonia,Gulf of Riga; Baltic Sea; North Atlantic Ocean,58.575016,23.510001
59340,Surigao City,Philippines,Bohol Sea; Philippine inland seas; North Pacific Ocean,9.783333,125.5
58690,Tacloban,Philippines,Philippine inland seas; North Pacific Ocean,11.25,125
56520,Saipan,Northern Mariana Islands,North Pacific Ocean,15.2,145.683333
61165,Tomakomai Ko,Japan,North Pacific Ocean,42.633333,141.633333
62165,Saganoseki Ko,Japan,Korea Strait; North Pacific Ocean,33.25,131.866667
57950,Peng-Hu Kang,Taiwan,Taiwan Strait; North Pacific Ocean,23.583333,119.533333
61690,Ube Ko,Japan,Korea Strait; North Pacific Ocean,33.933333,131.233333
55300,Picton,New Zealand,Cook Strait; South Pacific Ocean,-41.283333,174.016667
60190,Tianjin Xin Gang,China,Bo Hai; Yellow Sea; North Pacific Ocean,38.966667,117.833333
62020,Yawatahama,Japan,Sea of Japan; North Pacific Ocean,33.45,132.416667
52660,Wahai,Indonesia,Ceram Sea; Banda Sea; South Pacific Ocean,-2.783333,129.5
54350,Port Lincoln,Australia,Spencer Gulf; Indian Ocean,-34.716667,135.85
48155,Ras Isa Marine Terminal,Yemen,Red Sea; Indian Ocean,15.133333,42.6
7405,Tiverton,United States,North Atlantic Ocean,41.633333,-71.216667
50510,Sibolga,Indonesia,Indian Ocean,1.733333,98.766667
51587,Tanjung Pelepas,Malaysia,Strait of Malacca; Indian Ocean,1.35,103.55
51070,Rembang,Indonesia,Java Sea; South Pacific Ocean,-6.7,111.35
62077,Takuma,Japan,Sea of Japan; North Pacific Ocean,34.216667,133.683333
51100,Tuban,Indonesia,Java Sea; South Pacific Ocean,-6.733333,112.15
7980,South Amboy,United States,North Atlantic Ocean,40.483333,-74.266667
11470,Port Louis,Guadeloupe,Caribbean Sea; North Atlantic Ocean,16.416667,-61.533333
58695,Tanauan,Philippines,Philippine inland seas; North Pacific Ocean,11.1,125.016667
51580,Sibu,Malaysia,South China Sea; North Pacific Ocean,2.283333,111.816667
8115,Paulsboro,United States,North Atlantic Ocean,39.85,-75.25
61415,Tagonoura Ko,Japan,North Pacific Ocean,35.133333,138.7
48690,Veraval,India,Arabian Sea; Indian Ocean,20.9,70.366667
50600,Uleelheue,Indonesia,Andaman Sea; Indian Ocean,5.566667,95.283333
55800,Uturoa,French Polynesia,South Pacific Ocean,-16.733333,-151.45
10960,Pepillo Salcedo,Dominican Republic,North Atlantic Ocean,19.7,-71.75
60440,Wonsan,North Korea,Sea of Japan; North Pacific Ocean,39.166667,127.45
59150,Port Capiz,Philippines,Philippine inland seas; North Pacific Ocean,11.6,122.716667
53206,Oro Bay,Papua New Guinea,Solomon Sea; South Pacific Ocean,-8.883333,148.483333
61802,Uchiura,Japan,Sea of Japan; North Pacific Ocean,35.516667,135.5
55560,Savusavu Bay,Fiji,South Pacific Ocean,-16.766667,179.333333
60200,Qinhuangdao,China,Bo Hai; Yellow Sea; North Pacific Ocean,39.933333,119.616667
10800,Savannah La Mar,Jamaica,Caribbean Sea; North Atlantic Ocean,18.2,-78.133333
61566,Shikama,Japan,Sea of Japan; North Pacific Ocean,34.766667,134.65
53190,Suloga Harbor,Papua New Guinea,Solomon Sea; South Pacific Ocean,-9.216667,152.766667
7560,Port Jefferson,United States,North Atlantic Ocean,40.95,-73.083333
60220,Yingkou,China,Bo Hai; Yellow Sea; North Pacific Ocean,40.683333,122.233333
28515,Rohukula,Estonia,Gulf of Riga; Baltic Sea; North Atlantic Ocean,58.90606,23.423923
55150,Wellington,New Zealand,Cook Strait; South Pacific Ocean,-41.283333,174.783333
48267,Zirkuh Oil Field,United Arab Emirates,Persian Gulf; Indian Ocean,24.866667,53.05
49995,Serangoon Harbor,Singapore,Strait of Malacca; Indian Ocean,1.4,103.95
49910,Teluk Anson,Malaysia,Strait of Malacca; Indian Ocean,4.016667,101.016667
62120,Wakamatsu Ko,Japan,Korea Strait; North Pacific Ocean,33.9,130.816667
48320,Sitrah,Bahrain,Persian Gulf; Indian Ocean,26.166667,50.666667
55540,Suva Harbor,Fiji,South Pacific Ocean,-18.133333,178.416667
54255,Port Giles,Australia,Indian Ocean,-35.033333,137.766667
60110,Wanxian,China,Gulf of Tonkin; South China Sea; North Pacific Ocean,30.816667,108.433333
60520,Senbong,North Korea,Sea of Japan; North Pacific Ocean,42.333333,130.4
51180,Probolinggo,Indonesia,Bali Sea; Java Sea; South Pacific Ocean,-7.716667,113.216667
61890,Ryotu Ko,Japan,Sea of Japan; North Pacific Ocean,38.083333,138.566667
48279,Umm An Nar,United Arab Emirates,Persian Gulf; Indian Ocean,24.45,54.483333
61350,Sendai-Shiogama,Japan,North Pacific Ocean,38.316667,141.033333
62380,Sasebo,Japan,East China Sea; North Pacific Ocean,33.166667,129.716667
57995,Port San Vicente,Philippines,Luzon Strait; North Pacific Ocean,18.516667,122.133333
49770,Phuket,Thailand,Andaman Sea; Indian Ocean,7.833333,98.4
8230,Washington D.C.,United States,North Atlantic Ocean,38.866667,-77.033333
50516,Tanjung Balai Karimun,Indonesia,Strait of Malacca; Indian Ocean,0.983333,103.433333
62110,Sakaide Ko,Japan,Sea of Japan; North Pacific Ocean,34.333333,133.85
55450,Westport,New Zealand,Tasman Sea; South Pacific Ocean,-41.75,171.6
61500,Toba,Japan,Sea of Japan; North Pacific Ocean,34.483333,136.85
54575,Point Murat,Australia,Indian Ocean,-21.816667,114.183333
60160,Yantai,China,Yellow Sea; North Pacific Ocean,37.55,121.45
61547,Sakai-Senboku,Japan,Sea of Japan; North Pacific Ocean,34.55,135.433333
8318,Warwick,United States,North Atlantic Ocean,37.45,-77.416667
57458,Si Racha,Thailand,Gulf of Thailand; South China Sea; North Pacific Ocean,13.166667,100.916667
50610,Sabang,Indonesia,Andaman Sea; Indian Ocean,5.883333,95.316667
49962,Pelabuhan Sungai Udang,Malaysia,Strait of Malacca; Indian Ocean,2.25,102.133333
54120,Warrnambool,Australia,Indian Ocean,-38.4,142.483333
28506,Paldiski Pohjasadam,Estonia,Gulf of Finland; Baltic Sea; North Atlantic Ocean,59.349752,24.047504
50971,Poleng Oil Field,Indonesia,Java Sea; South Pacific Ocean,-6.65,112.916667
61940,Takamatsu,Japan,Sea of Japan; North Pacific Ocean,34.35,134.05
7600,Stamford,United States,North Atlantic Ocean,41.033333,-73.55
61680,Tokuyama,Japan,Sea of Japan; North Pacific Ocean,34.033333,131.816667
7740,Troy,United States,North Atlantic Ocean,42.733333,-73.7
61490,Yokkaichi,Japan,Sea of Japan; North Pacific Ocean,34.966667,136.633333
57820,Qinzhou,China,Gulf of Tonkin; South China Sea; North Pacific Ocean,21.733333,108.583333
51910,Sampit,Indonesia,Java Sea; South Pacific Ocean,-2.516667,113
62224,Shibushi Wan,Japan,East China Sea; North Pacific Ocean,31.466667,131.1
48287,Umm Said,Qatar,Persian Gulf; Indian Ocean,24.916667,51.566667
51350,Waingapu,Indonesia,Savu Sea; Indian Ocean,-9.633333,120.216667
55370,Otago Harbor,New Zealand,South Pacific Ocean,-45.816667,170.633333
54220,Port Adelaide,Australia,Indian Ocean,-34.85,138.5
61410,Uraga Ko,Japan,North Pacific Ocean,35.233333,139.716667
49830,Pelabuhan Bass,Malaysia,Strait of Malacca; Indian Ocean,6.316667,99.833333
61855,Shimminato,Japan,Sea of Japan; North Pacific Ocean,36.766667,137.116667
50055,Sekupang,Indonesia,Strait of Malacca; Indian Ocean,1.133333,103.916667
59950,Zhen Hai,China,East China Sea; North Pacific Ocean,29.95,121.7
57572,Phu My,Vietnam,South China Sea; North Pacific Ocean,10.583333,107.033333
11045,Puerto De Haina,Dominican Republic,Caribbean Sea; North Atlantic Ocean,18.416667,-70.016667
51695,Sapangar Bay,Malaysia,South China Sea; North Pacific Ocean,6.083333,116.116667
56323,Tern Island,United States,North Pacific Ocean,23.866667,-166.283333
58315,Santa Cruz (Marinduque Isl),Philippines,Philippine inland seas; North Pacific Ocean,13.5,122.066667
28490,Paljassaare,Estonia,Gulf of Finland; Baltic Sea; North Atlantic Ocean,59.459102,24.70564
52510,Ternate,Indonesia,Molucca Sea; North Pacific Ocean,0.783333,127.383333
59960,Zhoushan,China,East China Sea; North Pacific Ocean,30,122.1
3310,Port Stanley,Canada,Lake Erie; Great Lakes,42.666667,-81.2
52940,Serui,Indonesia,Teluk Cenderawasih; South Pacific Ocean,-1.9,136.25
52140,Poso,Indonesia,Teluk Tomini; Molucca Sea; South Pacific Ocean,-1.366667,120.75
17650,Shelton,United States,Alaska-Canada coastal waters; North Pacific Ocean,47.216667,-123.1
52870,Saumlaki,Indonesia,Arafura Sea; South Pacific Ocean,-7.983333,131.3
28525,Saaremaa sadam,Estonia,Baltic Sea; North Atlantic Ocean,58.536129,22.236096
48035,Sokhna Port Gas Tanker Terminal,Egypt,Gulf of Suez; Red Sea; Indian Ocean,29.683333,32.366667
58130,Virac,Philippines,Philippine inland seas; North Pacific Ocean,13.583333,124.25
57580,Thanh Ho Chi Minh,Vietnam,South China Sea; North Pacific Ocean,10.766667,106.716667
50441,Pulau Baai,Indonesia,Indian Ocean,-3.916667,102.283333
61370,Tateyama Ko,Japan,North Pacific Ocean,35,139.8
52560,Patani,Indonesia,North Pacific Ocean,0.366667,128.75
56540,Rota,Northern Mariana Islands,North Pacific Ocean,14.133333,145.15
49960,Port Dickson,Malaysia,Strait of Malacca; Indian Ocean,2.533333,101.783333
61580,Uno Ko,Japan,Sea of Japan; North Pacific Ocean,34.483333,133.95
62113,Yanai,Japan,Sea of Japan; North Pacific Ocean,33.95,132.133333
57640,Qui Nhon,Vietnam,South China Sea; North Pacific Ocean,13.766667,109.233333
55050,Whangarei,New Zealand,South Pacific Ocean,-35.8,174.433333
61550,Osaka,Japan,Sea of Japan; North Pacific Ocean,34.65,135.433333
61460,Shimizu Ko,Japan,North Pacific Ocean,35.016667,138.5
57657,Thanh Hoa,Vietnam,South China Sea; North Pacific Ocean,10.816667,106.766667
61700,Shimonoseki,Japan,Korea Strait; North Pacific Ocean,33.933333,130.933333
51815,Tanjung Santan,Indonesia,Makassar Strait; South Pacific Ocean,-0.1,117.533333
33400,Faslane,United Kingdom,North Atlantic Ocean,56.0638893,-4.819456751
39935,Miseno,Italy,Tyrrhenian Sea; Mediterranean Sea; North Atlantic Ocean,40.78815816,14.09109726
40352,Scalo Vecchio,Italy,Mediterranean Sea; North Atlantic Ocean,35.855,12.863
40745,Porto Di Chioggia,Italy,Adriatic Sea; Mediterranean Sea; North Atlantic Ocean,45.233333,12.3
40650,Civitanova Marche,Italy,Adriatic Sea; Mediterranean Sea; North Atlantic Ocean,43.316,13.734
40155,Levanzo,Italy,Tyrrhenian Sea; Mediterranean Sea; North Atlantic Ocean,37.987,12.341
1700,Placentia Bay,Canada,North Atlantic Ocean,47.25355454,-54.01421577
40720,Porto Di Corsini,Italy,Adriatic Sea; Mediterranean Sea; North Atlantic Ocean,44.495,12.291
40785,Grado,Italy,Adriatic Sea; Mediterranean Sea; North Atlantic Ocean,45.697,13.298
39910,Ischia,Italy,Tyrrhenian Sea; Mediterranean Sea; North Atlantic Ocean,40.748,13.944
40090,Villa San Giovanni,Italy,Mediterranean Sea; North Atlantic Ocean,38.222,15.63
23170,Haakonsvern,Norway,North Sea; North Atlantic Ocean,60.33316436,5.235305876
40560,Bisceglie,Italy,Adriatic Sea; Mediterranean Sea; North Atlantic Ocean,41.246,16.509
40570,Trani,Italy,Adriatic Sea; Mediterranean Sea; North Atlantic Ocean,41.28342064,16.42370575
40700,Rimini,Italy,Adriatic Sea; Mediterranean Sea; North Atlantic Ocean,44.081,12.574
39840,Ponza,Italy,Tyrrhenian Sea; Mediterranean Sea; North Atlantic Ocean,40.895,12.964
40060,Vibo Valentia Marina,Italy,Tyrrhenian Sea; Mediterranean Sea; North Atlantic Ocean,38.723,16.13
40145,San Vito Lo Capo,Italy,Tyrrhenian Sea; Mediterranean Sea; North Atlantic Ocean,38.181,12.736
39795,Porto Ercole,Italy,Tyrrhenian Sea; Mediterranean Sea; North Atlantic Ocean,42.404,11.213
40282,Giardini Naxos,Italy,Mediterranean Sea; North Atlantic Ocean,37.828,15.273
40120,Termini Imerese,Italy,Tyrrhenian Sea; Mediterranean Sea; North Atlantic Ocean,37.985,13.723
40680,Fano,Italy,Adriatic Sea; Mediterranean Sea; North Atlantic Ocean,43.857,13.017
39855,Terracina,Italy,Tyrrhenian Sea; Mediterranean Sea; North Atlantic Ocean,41.283,13.258
40640,San Benedetto Del Tronto,Italy,Adriatic Sea; Mediterranean Sea; North Atlantic Ocean,42.96,13.892
39500,Chiavari - Lavagna,Italy,Ligurian Sea; Mediterranean Sea; North Atlantic Ocean,44.305,9.326
39570,Viareggio,Italy,Ligurian Sea; Mediterranean Sea; North Atlantic Ocean,43.862,10.234
39850,San Felice Circeo,Italy,Tyrrhenian Sea; Mediterranean Sea; North Atlantic Ocean,41.226,13.097
40360,Pantelleria,Italy,Mediterranean Sea; North Atlantic Ocean,36.838,11.942
40460,Corigliano Calabro,Italy,Golfo di Taranto; Mediterranean Sea; North Atlantic Ocean,39.672,16.529
40450,Ciro Marina,Italy,Ionian Sea; Mediterranean Sea; North Atlantic Ocean,39.372,17.136
40510,Monopoli,Italy,Adriatic Sea; Mediterranean Sea; North Atlantic Ocean,40.955,17.308
40280,Riposta,Italy,Mediterranean Sea; North Atlantic Ocean,37.735,15.209
40140,Castellammare Del Golfo,Italy,Tyrrhenian Sea; Mediterranean Sea; North Atlantic Ocean,38.032,12.885
40520,Mola Di Bari,Italy,Adriatic Sea; Mediterranean Sea; North Atlantic Ocean,41.062,17.1
40820,Trieste,Italy,Adriatic Sea; Mediterranean Sea; North Atlantic Ocean,45.651,13.746
39940,Pozzuoli,Italy,Tyrrhenian Sea; Mediterranean Sea; North Atlantic Ocean,40.824,14.11
40355,Cala Pozzolana,Italy,Mediterranean Sea; North Atlantic Ocean,35.864,12.852
39900,Forio,Italy,Tyrrhenian Sea; Mediterranean Sea; North Atlantic Ocean,40.742,13.859
39310,Porto Torres,Italy,Mediterranean Sea; North Atlantic Ocean,40.852,8.396
40200,Porto Empedocle,Italy,Mediterranean Sea; North Atlantic Ocean,37.278,13.528
40630,Pescara,Italy,Adriatic Sea; Mediterranean Sea; North Atlantic Ocean,42.464,14.236
40490,Otranto,Italy,Adriatic Sea; Mediterranean Sea; North Atlantic Ocean,40.152,18.493
40165,Favignana,Italy,Tyrrhenian Sea; Mediterranean Sea; North Atlantic Ocean,37.933,12.324
39920,Procida,Italy,Tyrrhenian Sea; Mediterranean Sea; North Atlantic Ocean,40.77,14.031
39865,Formia,Italy,Tyrrhenian Sea; Mediterranean Sea; North Atlantic Ocean,41.254,13.614
40670,Senigallia,Italy,Adriatic Sea; Mediterranean Sea; North Atlantic Ocean,43.724,13.221
40635,Giulianova,Italy,Adriatic Sea; Mediterranean Sea; North Atlantic Ocean,42.756,13.979
40150,Trapani,Italy,Tyrrhenian Sea; Mediterranean Sea; North Atlantic Ocean,38.012,12.506
39420,Rada Di Vado,Italy,Ligurian Sea; Mediterranean Sea; North Atlantic Ocean,44.265,8.453
40160,Marettimo,Italy,Tyrrhenian Sea; Mediterranean Sea; North Atlantic Ocean,37.966,12.075
39260,Porto Vesme,Italy,Mediterranean Sea; North Atlantic Ocean,39.194,8.384
40080,Reggio Di Calabria,Italy,Mediterranean Sea; North Atlantic Ocean,38.129,15.65
1760,Miquelon,Saint Pierre and Miquelon,North Atlantic Ocean,47.1,-56.36666667
39905,Casamicciola,Italy,Tyrrhenian Sea; Mediterranean Sea; North Atlantic Ocean,40.752,13.912
40710,Cesenatico,Italy,Adriatic Sea; Mediterranean Sea; North Atlantic Ocean,44.208,12.408
39790,Porto Santo Stefano,Italy,Tyrrhenian Sea; Mediterranean Sea; North Atlantic Ocean,42.44,11.122
60400,Ulsan,South Korea,Korea Strait; North Pacific Ocean,35.45,129.4
7840,Tompkinsville SI,United States,North Atlantic Ocean,40.633333,-74.066667
46295,Kribi Deep Sea Port,Cameroon,Gulf of Guinea; North Atlantic Ocean,2.71853154,9.860530084
40350,Lampedusa,Italy,Mediterranean Sea; North Atlantic Ocean,35.494,12.601
59015,Toledo,Philippines,Philippine inland seas; North Pacific Ocean,10.366667,123.633333
61810,Tsuruga Ko,Japan,Sea of Japan; North Pacific Ocean,35.65,136.066667
7830,Stapleton SI,United States,North Atlantic Ocean,40.633333,-74.066667
48257,Port Of Sohar,Oman,Gulf of Oman; Indian Ocean,24.516667,56.633333
62600,Petropavlovsk,Russia,North Pacific Ocean,53.05,158.65
40243,Santa Panagia,Italy,Mediterranean Sea; North Atlantic Ocean,37.069,15.297
61400,Yokosuka Ko,Japan,North Pacific Ocean,35.283333,139.666667
39780,Giglio Porto,Italy,Tyrrhenian Sea; Mediterranean Sea; North Atlantic Ocean,42.362,10.921
60125,Lanshan,China,Yellow Sea; North Pacific Ocean,35.08,119.366667
40230,Pozzallo,Italy,Mediterranean Sea; North Atlantic Ocean,36.716667,14.85
61260,Wakkanai,Japan,Sea of Japan; North Pacific Ocean,43.416667,141.683333
40190,Sciacca,Italy,Mediterranean Sea; North Atlantic Ocean,37.502,13.075
39930,Baia,Italy,Tyrrhenian Sea; Mediterranean Sea; North Atlantic Ocean,40.817,14.074
40780,Nogaro,Italy,Adriatic Sea; Mediterranean Sea; North Atlantic Ocean,45.759,13.167
48262,Al Fujayrah,United Arab Emirates,Gulf of Oman; Indian Ocean,25.17305556,56.36916667
40730,Porto Garibaldi,Italy,Adriatic Sea; Mediterranean Sea; North Atlantic Ocean,44.677,12.252
40690,Pesaro,Italy,Adriatic Sea; Mediterranean Sea; North Atlantic Ocean,43.928,12.903
48266,Zirkuh,United Arab Emirates,Persian Gulf; Indian Ocean,25.016667,53
45140,Bur Sa'id,Egypt,Mediterranean Sea; North Atlantic Ocean,31.266667,32.3
47960,Nuwaybi',Egypt,Gulf of Aqaba; Red Sea; Indian Ocean,28.966667,34.65
47982,At Tur,Egypt,Gulf of Suez; Red Sea; Indian Ocean,28.233333,33.616667
47987,Marsa az Zaytiyah,Egypt,Gulf of Suez; Red Sea; Indian Ocean,27.85,33.6
6575,Port Bayside Nb,Canada,Bay of Fundy; North Atlantic Ocean,45.15,-67.133333
2015,Baie Comeau,Canada,Gulf of Saint Lawrence; North Atlantic Ocean,49.233333,-68.133333
6550,St John,Canada,Bay of Fundy; North Atlantic Ocean,45.266667,-66.05
48615,Vadinar Terminal,India,Arabian Sea; Indian Ocean,22.46666667,69.66666667
48613,Sikka,India,Arabian Sea; Indian Ocean,22.433333,69.833333
48630,Kandla,India,Arabian Sea; Indian Ocean,23.033333,70.216667
48680,Porbandar,India,Arabian Sea; Indian Ocean,21.633333,69.6
48635,Navlakhi,India,Arabian Sea; Indian Ocean,22.95638889,70.44758333
49030,New Mangalore,India,Laccadive Sea; Indian Ocean,12.916667,74.816667
49130,Kochi (Cochin),India,Laccadive Sea; Indian Ocean,9.966667,76.233333
49320,Tuticorin,India,Palk Strait; Indian Ocean,8.8,78.166667
49010,Honavar,India,Arabian Sea; Indian Ocean,14.28333333,74.45
49455,Krishnapatnam,India,Bay of Bengal; Indian Ocean,14.25,80.13333333
49287,Batticaloa Roads,Sri Lanka,Bay of Bengal; Indian Ocean,7.766666667,81.68333333
49255,Hambantota,Sri Lanka,Indian Ocean,6.116666667,81.13333333
48890,Port Dabhol,India,Arabian Sea; Indian Ocean,17.58333333,73.16666667
48895,Jaigarh Bay,India,Arabian Sea; Indian Ocean,17.3,73.21666667
48720,Jafarabad,India,Arabian Sea; Indian Ocean,20.86666667,71.38333333
49540,Dhamra,India,Bay of Bengal; Indian Ocean,20.81666667,86.96666667
49479,Gangavaram,India,Bay of Bengal; Indian Ocean,17.63333333,83.25
1730,Marystown,Canada,North Atlantic Ocean,47.18333333,-55.11666667
20920,Hammerfest,Norway,Norwegian Sea; North Atlantic Ocean,70.666667,23.666667
49470,Kakinada Bay,India,Bay of Bengal; Indian Ocean,17,82.316667
49370,Karaikal Port,India,Bay of Bengal; Indian Ocean,10.833333,79.866667
49410,Cuddalore,India,Bay of Bengal; Indian Ocean,11.716667,79.766667
49580,Mongla,Bangladesh,Bay of Bengal; Indian Ocean,22.466667,89.6
48770,Magdalla,India,Arabian Sea; Indian Ocean,21.15,72.75
49290,Trincomalee Harbor,Sri Lanka,Bay of Bengal; Indian Ocean,8.55,81.216667
21900,Svolvaer,Norway,Norwegian Sea; North Atlantic Ocean,68.233333,14.583333
4210,Cockburn,Canada,Lake Huron; Great Lakes,45.95,-83.316667
3260,Port Maitland,Canada,Lake Erie; Great Lakes,42.85,-79.583333
1605,Port Union,Canada,North Atlantic Ocean,48.5,-53.083333
3770,Tobermory,Canada,Lake Huron; Great Lakes,45.266667,-81.666667
3060,Port Dalhousie,Canada,Lake Ontario; Great Lakes,43.216667,-79.266667
20730,Mehamnfjorden,"",Barents Sea; Arctic Ocean,71.04134661,27.83533847
20740,Kjollefjorden,Norway,Barents Sea; Arctic Ocean,70.95,27.333333
21120,Oksfjord,Norway,Norwegian Sea; North Atlantic Ocean,70.233333,22.35
21950,Lodingen,Norway,Norwegian Sea; North Atlantic Ocean,68.416667,16
23480,Stavanger,Norway,North Sea; North Atlantic Ocean,58.966667,5.75
21310,Tromso,Norway,Norwegian Sea; North Atlantic Ocean,69.65,18.966667
39155,Porto Cervo,Italy,Tyrrhenian Sea; Mediterranean Sea; North Atlantic Ocean,41.137,9.54
39280,Alghero,Italy,Mediterranean Sea; North Atlantic Ocean,40.568,8.307
39170,Golfo Aranci,Italy,Tyrrhenian Sea; Mediterranean Sea; North Atlantic Ocean,40.993,9.624
39230,Sant'Antioco,Italy,Mediterranean Sea; North Atlantic Ocean,39.066,8.46
39150,Liscia Di Vacca,Italy,Tyrrhenian Sea; Mediterranean Sea; North Atlantic Ocean,41.141,9.511
39160,Cala Volpe,Italy,Tyrrhenian Sea; Mediterranean Sea; North Atlantic Ocean,41.088,9.542
49560,Calcutta,India,Bay of Bengal; Indian Ocean,22.55,88.333333
49200,Male,Maldives,Laccadive Sea; Indian Ocean,4.166667,73.5
48845,Jawaharlal Nehru Port (Nhava Shiva),India,Arabian Sea; Indian Ocean,18.95,72.95
48990,Karwar,India,Arabian Sea; Indian Ocean,14.816667,74.116667
49590,Chittagong,Bangladesh,Bay of Bengal; Indian Ocean,22.316667,91.816667
49555,Haldia Port,India,Bay of Bengal; Indian Ocean,22.016667,88.083333
49450,Chennai (Madras),India,Bay of Bengal; Indian Ocean,13.1,80.3
48730,Pipavav Bandar,India,Arabian Sea; Indian Ocean,20.916667,71.516667
49430,Pondicherry,India,Bay of Bengal; Indian Ocean,11.933333,79.833333
48760,Bhavnagar,India,Arabian Sea; Indian Ocean,21.766667,72.233333
49240,Colombo,Sri Lanka,Laccadive Sea; Indian Ocean,6.95,79.85
49480,Vishakhapatnam,India,Bay of Bengal; Indian Ocean,17.683333,83.3
49535,Paradip,India,Bay of Bengal; Indian Ocean,20.266667,86.683333
49454,Kamarajar Port,India,Bay of Bengal; Indian Ocean,13.26138889,80.3425
49250,Galle Harbor,Sri Lanka,Indian Ocean,6.033055556,80.22833333
49500,Gopalpur,India,Bay of Bengal; Indian Ocean,19.30194444,84.96666667
23120,Alesund,Norway,Norwegian Sea; North Atlantic Ocean,62.466667,6.166667
1958,Port Cartier,Canada,Gulf of Saint Lawrence; North Atlantic Ocean,50.033333,-66.783333
48970,Marmagao,India,Arabian Sea; Indian Ocean,15.4175,73.795
48840,Mumbai (Bombay),India,Arabian Sea; Indian Ocean,18.966667,72.866667
21490,Finnsnes,Norway,Norwegian Sea; North Atlantic Ocean,69.233333,17.966667
49110,Beypore,India,Laccadive Sea; Indian Ocean,11.166667,75.8
48900,Ratnagiri,India,Arabian Sea; Indian Ocean,16.983333,73.283333
49000,Belekeri,India,Arabian Sea; Indian Ocean,14.7,74.266667
49350,Nagappattinam,India,Bay of Bengal; Indian Ocean,10.766667,79.85
48674,Dahej,India,Arabian Sea; Indian Ocean,21.7,72.533333
48960,Panaji,India,Arabian Sea; Indian Ocean,15.5,73.816667
49300,Kankesanturai,Sri Lanka,Palk Strait; Indian Ocean,9.816667,80.05
49454.5,Kattupalli Port,India,Bay of Bengal; Indian Ocean,13.30694444,80.35222222
49330,Pamban,India,Palk Strait; Indian Ocean,9.283333333,79.21666667
49550,Baleshwar,India,Bay of Bengal; Indian Ocean,21.48333333,86.95
49460,Machilipatnam,India,Bay of Bengal; Indian Ocean,16.15,81.15
49160,Quilon (Kollam),India,Laccadive Sea; Indian Ocean,8.871944444,76.58388889
49040,Azhikal (Azhikkal),India,Laccadive Sea; Indian Ocean,11.94555556,75.30944444
49170,Trivandrum,India,Laccadive Sea; Indian Ocean,8.483333,76.95
49180,Kolachel,India,Laccadive Sea; Indian Ocean,8.166667,77.25
49100,Calicut (Kozhikode),India,Laccadive Sea; Indian Ocean,11.25,75.766667
9860,Puerto Cristobal,Panama,Caribbean Sea; North Atlantic Ocean,9.35,-79.916667
12025,La Salina,Venezuela,Caribbean Sea; North Atlantic Ocean,10.366667,-71.466667
11800,Caracasbaai,Curacao,Caribbean Sea; North Atlantic Ocean,12.066667,-68.866667
11700,Scarborough,Trinidad and Tobago,North Atlantic Ocean,11.183333,-60.733333
11710,Chaguaramas,Trinidad and Tobago,Caribbean Sea; North Atlantic Ocean,10.683333,-61.65
9865,Puerto Colon,Panama,Caribbean Sea; North Atlantic Ocean,9.366667,-79.883333
11880,Turbo,Colombia,Caribbean Sea; North Atlantic Ocean,8.083333,-76.733333
9420,Minatitlan,Mexico,Gulf of Mexico; North Atlantic Ocean,17.9,-94.583333
9550,San Miguel De Cozumel,Mexico,Caribbean Sea; North Atlantic Ocean,20.5,-86.966667
11772,Galeota Point Terminal,Trinidad and Tobago,North Atlantic Ocean,10.133333,-60.983333
9425,Dos Bocas Terminal,Mexico,Gulf of Mexico; North Atlantic Ocean,18.433333,-93.216667
12032,Punta De Palmas,Venezuela,Caribbean Sea; North Atlantic Ocean,10.783333,-71.583333
11980,San Lorenzo,Venezuela,Caribbean Sea; North Atlantic Ocean,9.783333,-71.066667
9875,Bahia De Las Minas,Panama,Caribbean Sea; North Atlantic Ocean,9.4,-79.816667
11718,Anse Tembladora,Trinidad and Tobago,Caribbean Sea; North Atlantic Ocean,10.683333,-61.583333
1714,Arnold's Cove,Canada,North Atlantic Ocean,47.76479904,-53.9810655
27825,Uto,Finland,Baltic Sea; North Atlantic Ocean,59.78333333,21.36666667
11730,Pointe A Pierre,Trinidad and Tobago,Caribbean Sea; North Atlantic Ocean,10.316667,-61.466667
11720,Port Of Spain,Trinidad and Tobago,Caribbean Sea; North Atlantic Ocean,10.65,-61.516667
12070,Amuay (Bahia De Amuay),Venezuela,Caribbean Sea; North Atlantic Ocean,11.75,-70.233333
12260,Carupano,Venezuela,Caribbean Sea; North Atlantic Ocean,10.7,-63.25
11900,Covenas,Colombia,Caribbean Sea; North Atlantic Ocean,9.416667,-75.683333
11840,Paarden Baai - (Oranjestad),Aruba,Caribbean Sea; North Atlantic Ocean,12.516667,-70.033333
12230,El Guamache,Venezuela,Caribbean Sea; North Atlantic Ocean,10.9,-64.1
27570,Pietarsaari,Finland,Gulf of Bothnia; Baltic Sea; North Atlantic Ocean,63.683333,22.666667
12185,Puerto La Cruz,Venezuela,Caribbean Sea; North Atlantic Ocean,10.25,-64.633333
12200,Guanta,Venezuela,Caribbean Sea; North Atlantic Ocean,10.25,-64.583333
27805,Naantali,Finland,Baltic Sea; North Atlantic Ocean,60.466667,22.016667
28230,Kotka,Finland,Gulf of Finland; Baltic Sea; North Atlantic Ocean,60.466667,26.966667
27410,Kemi,Finland,Gulf of Bothnia; Baltic Sea; North Atlantic Ocean,65.733333,24.566667
12150,La Guaira,Venezuela,Caribbean Sea; North Atlantic Ocean,10.616667,-66.933333
12090,Puerto Cumarebo,Venezuela,Caribbean Sea; North Atlantic Ocean,11.483333,-69.35
28185,Porkkala,Finland,Gulf of Finland; Baltic Sea; North Atlantic Ocean,60.083333,24.383333
12335,Puerto Ordaz,Venezuela,Caribbean Sea; North Atlantic Ocean,8.35,-62.716667
28505,Paldiski Lounasadam,Estonia,Gulf of Finland; Baltic Sea; North Atlantic Ocean,59.333343,24.081111
12034,Bajo Grande,Venezuela,Caribbean Sea; North Atlantic Ocean,10.516667,-71.633333
11780,Kralendijk,Caribbean Netherlands,Caribbean Sea; North Atlantic Ocean,12.15,-68.283333
11930,Barranquilla,Colombia,Caribbean Sea; North Atlantic Ocean,10.966667,-74.766667
12340,Ciudad Bolivar,Venezuela,Caribbean Sea; North Atlantic Ocean,8.133333,-63.55
11960,Maracaibo,Venezuela,Caribbean Sea; North Atlantic Ocean,10.633333,-71.6
12120,Puerto Cabello,Venezuela,Caribbean Sea; North Atlantic Ocean,10.483333,-68
12220,Cumana (Puerto Sucre),Venezuela,Caribbean Sea; North Atlantic Ocean,10.466667,-64.183333
28240,Hamina,Finland,Gulf of Finland; Baltic Sea; North Atlantic Ocean,60.566667,27.2
28190,Helsinki,Finland,Gulf of Finland; Baltic Sea; North Atlantic Ocean,60.166667,24.966667
28187,Inkoo,Finland,Gulf of Finland; Baltic Sea; North Atlantic Ocean,60.016667,23.916667
11725,Point Lisas Port,Trinidad and Tobago,Caribbean Sea; North Atlantic Ocean,10.383333,-61.483333
12145,Catia La Mar,Venezuela,Caribbean Sea; North Atlantic Ocean,10.6,-67.016667
28140,Hanko,Finland,Gulf of Finland; Baltic Sea; North Atlantic Ocean,59.816667,22.95
27920,Mariehamn,Finland,Baltic Sea; North Atlantic Ocean,60.1,19.916667
27680,Kristinestad,Finland,Gulf of Bothnia; Baltic Sea; North Atlantic Ocean,62.283333,21.4
27560,Kokkola,Finland,Gulf of Bothnia; Baltic Sea; North Atlantic Ocean,63.85,23.016667
11781,Goto Oil Terminal,Caribbean Netherlands,Caribbean Sea; North Atlantic Ocean,12.216667,-68.383333
11940,Santa Marta,Colombia,Caribbean Sea; North Atlantic Ocean,11.25,-74.216667
12035,Puerto Miranda,Venezuela,Caribbean Sea; North Atlantic Ocean,10.766667,-71.566667
12270,Guiria,Venezuela,Caribbean Sea; North Atlantic Ocean,10.566667,-62.3
12115,El Palito,Venezuela,Caribbean Sea; North Atlantic Ocean,10.483333,-68.116667
28460,Loksa,Estonia,Gulf of Finland; Baltic Sea; North Atlantic Ocean,59.583392,25.698938
28425,Sillamae,Estonia,Gulf of Finland; Baltic Sea; North Atlantic Ocean,59.42612,27.73945
11820,Bullen Baai,Curacao,Caribbean Sea; North Atlantic Ocean,12.183333,-69.033333
12100,Puerto Chichiriviche,Venezuela,Caribbean Sea; North Atlantic Ocean,10.916667,-68.266667
11910,Cartagena,Colombia,Caribbean Sea; North Atlantic Ocean,10.416667,-75.533333
11935,Pozos Colorados,Colombia,Caribbean Sea; North Atlantic Ocean,11.15,-74.25
12050,Punta Cardon,Venezuela,Caribbean Sea; North Atlantic Ocean,11.633333,-70.233333
28482,Miiduranna,Estonia,Gulf of Finland; Baltic Sea; North Atlantic Ocean,59.499402,24.816063
28484,Muuga-Port of Tallin,Estonia,Gulf of Finland; Baltic Sea; North Atlantic Ocean,59.500042,24.966693
12130,Puerto Borburata,Venezuela,Caribbean Sea; North Atlantic Ocean,10.483333,-67.983333
11760,Brighton,Trinidad and Tobago,Caribbean Sea; North Atlantic Ocean,10.25,-61.633333
11946,Puerto Bolivar,Colombia,Caribbean Sea; North Atlantic Ocean,12.25,-71.966667
28220,Loviisa,Finland,Gulf of Finland; Baltic Sea; North Atlantic Ocean,60.45,26.233333
11810,Willemstad,Curacao,Caribbean Sea; North Atlantic Ocean,12.116667,-68.933333
28480,Vanasadam - Port of Tallinn,Estonia,Gulf of Finland; Baltic Sea; North Atlantic Ocean,59.450128,24.766676
28440,Kunda,Estonia,Gulf of Finland; Baltic Sea; North Atlantic Ocean,59.527775,26.547196
12180,Jose Terminal,Venezuela,Caribbean Sea; North Atlantic Ocean,10.1,-64.85
1675,Bay Bulls,Canada,North Atlantic Ocean,47.31666667,-52.81666667
23065,Fiborgtangen,"",Norwegian Sea; North Atlantic Ocean,63.71764299,11.14797225
23503,Jossingfjord,"",North Sea; North Atlantic Ocean,58.31490714,6.333204587
1712,Long Harbour,Canada,North Atlantic Ocean,47.42362411,-53.82677346
1658,Long Pond,Canada,North Atlantic Ocean,47.51920116,-52.97841343
1785,Grand Bank,Canada,North Atlantic Ocean,47.1,-55.75
1650,Bay Roberts,Canada,North Atlantic Ocean,47.58905,-53.26265
1786,Harbour Breton,Canada,North Atlantic Ocean,47.48333333,-55.8
22770,Nesna,"",Norwegian Sea; North Atlantic Ocean,66.20098705,13.01014353
1655,Holyrood,Canada,North Atlantic Ocean,47.4,-53.13333333
1750,Port De St Pierre,Saint Pierre and Miquelon,North Atlantic Ocean,46.783333,-56.166667
27750,Mantyluoto,Finland,Gulf of Bothnia; Baltic Sea; North Atlantic Ocean,61.6,21.48333333
1710,Argentia,Canada,North Atlantic Ocean,47.3,-53.983333
1670,St John's,Canada,North Atlantic Ocean,47.566667,-52.7
20800,Honningsvag,Norway,Barents Sea; Arctic Ocean,70.98258756,25.9500555
27537,Rahja,Finland,Gulf of Bothnia; Baltic Sea; North Atlantic Ocean,64.21777778,23.67972222
27530,Raahe,Finland,Gulf of Bothnia; Baltic Sea; North Atlantic Ocean,64.683333,24.416667
1611,Clarenville,Canada,North Atlantic Ocean,48.17515,-53.9591
27780,Rauma,Finland,Gulf of Bothnia; Baltic Sea; North Atlantic Ocean,61.125,21.44611111
27520,Oulu,Finland,Gulf of Bothnia; Baltic Sea; North Atlantic Ocean,65.016667,25.4
1715,Come By Chance Harbor,Canada,North Atlantic Ocean,47.8,-54.016667
1810,Stephenville,Canada,Gulf of Saint Lawrence; North Atlantic Ocean,48.533333,-58.533333
1600,Catalina Harbor,Canada,North Atlantic Ocean,48.51611111,-53.07055556
4940,Green Bay,United States,Lake Michigan; Great Lakes,44.516667,-88.016667
23050,Namsos,Norway,Norwegian Sea; North Atlantic Ocean,64.45833333,11.50944444
23770,Svelvik,Norway,Skagerrak; North Atlantic Ocean,59.62027778,10.41138889
23730,Valloy,Norway,Skagerrak; North Atlantic Ocean,59.25805556,10.49
5010,Oconto,United States,Lake Michigan; Great Lakes,44.89444444,-87.82944444
4890,Manitowoc,United States,Lake Michigan; Great Lakes,44.09222222,-87.64833333
23020,Berg,Norway,Norwegian Sea; North Atlantic Ocean,65.36527778,12.19666667
22990,Bronnoysund,Norway,Norwegian Sea; North Atlantic Ocean,65.46805556,12.19611111
22760,Mo I Rana,Norway,Norwegian Sea; North Atlantic Ocean,66.32444444,14.12222222
23829,Kambo,Norway,Skagerrak; North Atlantic Ocean,59.47305556,10.67972222
23820,Drobak,Norway,Skagerrak; North Atlantic Ocean,59.66055556,10.625
23040,Rorvik,Norway,Norwegian Sea; North Atlantic Ocean,64.86472222,11.25194444
23046,Salsbruket,Norway,Norwegian Sea; North Atlantic Ocean,64.79777778,11.86027778
32410,Pierowall,United Kingdom,North Atlantic Ocean,59.31777778,-2.988611111
22940,Tjotta,Norway,Norwegian Sea; North Atlantic Ocean,65.82111111,12.43333333
23790,Storsteilene,Norway,Skagerrak; North Atlantic Ocean,59.81666667,10.6075
10978,Amber Cove,Dominican Republic,North Atlantic Ocean,19.83333333,-70.76666667
45036,Sidon/zahrani Terminal,Lebanon,Mediterranean Sea; North Atlantic Ocean,33.533333,35.316667
5030,Menominee,United States,Lake Michigan; Great Lakes,45.09527778,-87.58944444
4930,Sturgeon Bay,United States,Lake Michigan; Great Lakes,44.833333,-87.383333
45025,Tarabulus,Lebanon,Mediterranean Sea; North Atlantic Ocean,34.45,35.833333
45003,Tartus,Syria,Mediterranean Sea; North Atlantic Ocean,34.9,35.866667
45010,Al Ladhiqiyah,Syria,Mediterranean Sea; North Atlantic Ocean,35.533333,35.766667
1880,Blanc Sablon,Canada,Gulf of Saint Lawrence; North Atlantic Ocean,51.416667,-57.133333
5050,Escanaba,United States,Lake Michigan; Great Lakes,45.766667,-87.05
45030,Bayrut,Lebanon,Mediterranean Sea; North Atlantic Ocean,33.9,35.5
5060,Gladstone,United States,Lake Michigan; Great Lakes,45.85,-87.016667
45005,Baniyas,Syria,Mediterranean Sea; North Atlantic Ocean,35.18833333,35.94333333
62800,Arkhangels'k,Russia,White Sea; Barents Sea; Arctic Ocean,64.52972222,40.52166667
62730,Igarka,Russia,Kara Sea; Arctic Ocean,67.45833333,86.58888889
24370,Karlshamn,Sweden,Baltic Sea; North Atlantic Ocean,56.15277778,14.86916667
24220,Limhamn,Sweden,Baltic Sea; North Atlantic Ocean,55.59111111,12.91833333
24210,Malmo,Sweden,Baltic Sea; North Atlantic Ocean,55.62333333,12.98472222
24180,Landskrona,Sweden,Baltic Sea; North Atlantic Ocean,55.85972222,12.82666667
24120,Helsingborg,Sweden,Baltic Sea; North Atlantic Ocean,56.03527778,12.68777778
23840,Fredrikstad,Norway,Skagerrak; North Atlantic Ocean,59.17916667,10.95277778
20695,Batsfjorden,Norway,Barents Sea; Arctic Ocean,70.63472222,29.73722222
20650,Kirkenes,Norway,Barents Sea; Arctic Ocean,69.72972222,30.06888889
23490,Egersund,Norway,North Sea; North Atlantic Ocean,58.43861111,5.986388889
23440,Haugesund,Norway,North Sea; North Atlantic Ocean,59.41222222,5.253611111
23075,Muruvik,Norway,Norwegian Sea; North Atlantic Ocean,63.44138889,10.84138889
23058,Djupviken,Norway,Norwegian Sea; North Atlantic Ocean,63.78777778,11.42722222
23053,Malm,Norway,Norwegian Sea; North Atlantic Ocean,64.06722222,11.2275
22920,Mosjoen,Norway,Norwegian Sea; North Atlantic Ocean,65.85888889,13.17083333
22290,Bodo,Norway,Norwegian Sea; North Atlantic Ocean,67.28555556,14.36416667
22030,Narvik,Norway,Norwegian Sea; North Atlantic Ocean,68.42111111,17.40222222
21660,Andenes,Norway,Norwegian Sea; North Atlantic Ocean,69.32833333,16.12777778
24300,Ahus,Sweden,Baltic Sea; North Atlantic Ocean,55.9275,14.32805556
21880,Henningsvaer,Norway,Norwegian Sea; North Atlantic Ocean,68.15361111,14.21277778
23180,Brattholmen,Norway,North Sea; North Atlantic Ocean,60.34861111,5.1775
23240,Odda,Norway,North Sea; North Atlantic Ocean,60.09694444,6.541111111
22320,Fauske,Norway,Norwegian Sea; North Atlantic Ocean,67.25,15.39888889
23100,Kristiansund,Norway,Norwegian Sea; North Atlantic Ocean,63.11388889,7.738611111
23108,Haroysund,Norway,Norwegian Sea; North Atlantic Ocean,62.89111111,6.958055556
23111,Andalsnes,Norway,Norwegian Sea; North Atlantic Ocean,62.56805556,7.677222222
23136,Ardalstangen,Norway,Norwegian Sea; North Atlantic Ocean,61.23277778,7.698611111
23505,Kirkehamn,Norway,North Sea; North Atlantic Ocean,58.23138889,6.527222222
23510,Flekkefjorden,Norway,North Sea; North Atlantic Ocean,58.26416667,6.655277778
20510,Cambridge Bay,Canada,Northwest Passages; Arctic Ocean,69.11361111,-105.0597222
20560,Barentsburg,Svalbard,Greenland Sea; Arctic Ocean,78.05944444,14.20222222
20710,Berlevag,Norway,Barents Sea; Arctic Ocean,70.86166667,29.11194444
21380,Gibostad,Norway,Norwegian Sea; North Atlantic Ocean,69.35611111,18.08194444
23890,Grebbestad,Sweden,Skagerrak; North Atlantic Ocean,58.67694444,11.24777778
23900,Fjallbacka,Sweden,Skagerrak; North Atlantic Ocean,58.60027778,11.27722222
23910,Hunnebostrand,Sweden,Skagerrak; North Atlantic Ocean,58.43777778,11.28611111
20570,Longyearbyen,Svalbard,Greenland Sea; Arctic Ocean,78.22722222,15.63333333
20580,Ny Alesund,Svalbard,Greenland Sea; Arctic Ocean,78.92833333,11.93305556
20910,Kvalsund,Norway,Norwegian Sea; North Atlantic Ocean,70.50694444,23.98333333
21130,Alta,Norway,Norwegian Sea; North Atlantic Ocean,69.97333333,23.23527778
21495,Medby,Norway,Norwegian Sea; North Atlantic Ocean,68.90888889,17.72833333
22010,Lilandsgrunnen,Norway,Norwegian Sea; North Atlantic Ocean,68.47805556,16.89055556
22050,Litle Ballangen,Norway,Norwegian Sea; North Atlantic Ocean,68.34861111,16.87277778
22140,Korsnes,Norway,Norwegian Sea; North Atlantic Ocean,68.25194444,16.06166667
22270,Kjerringoy,Norway,Norwegian Sea; North Atlantic Ocean,67.5225,14.75972222
22540,Glomfjord,Norway,Norwegian Sea; North Atlantic Ocean,66.8075,13.98027778
23060,Levanger,Norway,Norwegian Sea; North Atlantic Ocean,63.75472222,11.29333333
23070,Langstein,Norway,Norwegian Sea; North Atlantic Ocean,63.54861111,10.89
23230,Norheimsund,Norway,North Sea; North Atlantic Ocean,60.36611111,6.153888889
23310,Mosterhamn,Norway,North Sea; North Atlantic Ocean,59.69888889,5.391111111
23520,Farsund,Norway,North Sea; North Atlantic Ocean,58.08638889,6.811388889
24010,Marstrand,Sweden,Kattegat; North Atlantic Ocean,57.88388889,11.58833333
24100,Hoganas,Sweden,Kattegat; North Atlantic Ocean,56.19666667,12.54472222
62900,Bolshaya Piryu Guba,Russia,White Sea; Barents Sea; Arctic Ocean,66.67305556,34.36138889
120,Grundarfjordur,Iceland,North Atlantic Ocean,64.93333333,-23.25
23055,Steinkjer,Norway,Norwegian Sea; North Atlantic Ocean,64.01,11.47861111
23220,Strandvik,Norway,North Sea; North Atlantic Ocean,60.15861111,5.677777778
23139,Stura,Norway,North Sea; North Atlantic Ocean,60.62222222,4.863333333
20700,Vardo,Norway,Barents Sea; Arctic Ocean,70.37694444,31.10555556
20690,Vadso,Norway,Barents Sea; Arctic Ocean,70.07222222,29.74138889
21820,Reine,Norway,Norwegian Sea; North Atlantic Ocean,67.93861111,13.10166667
21510,Sjovegan,Norway,Norwegian Sea; North Atlantic Ocean,68.87361111,17.82861111
23118,Orstav,Norway,Norwegian Sea; North Atlantic Ocean,62.19611111,6.114444444
24260,Ystad,Sweden,Baltic Sea; North Atlantic Ocean,55.41833333,13.81805556
21910,Skrova Havn,Norway,Norwegian Sea; North Atlantic Ocean,68.16583333,14.66416667
22750,Sandnessjoen,Norway,Norwegian Sea; North Atlantic Ocean,66.02638889,12.62944444
23090,Trondheim,Norway,Norwegian Sea; North Atlantic Ocean,63.44833333,10.40166667
24310,Solvesborg,Sweden,Baltic Sea; North Atlantic Ocean,56.04555556,14.58638889
24440,Ronneby,Sweden,Baltic Sea; North Atlantic Ocean,56.17277778,15.30138889
23095,Thamshamm,Norway,Norwegian Sea; North Atlantic Ocean,63.32361111,9.872222222
22160,Tranoy,Norway,Norwegian Sea; North Atlantic Ocean,68.18083333,15.67361111
23140,Vaksdal,Norway,North Sea; North Atlantic Ocean,60.47833333,5.732777778
23460,Sauda,Norway,North Sea; North Atlantic Ocean,59.63694444,6.341111111
22520,Ornes,Norway,Norwegian Sea; North Atlantic Ocean,66.86472222,13.70694444
21140,Talvik,Norway,Norwegian Sea; North Atlantic Ocean,70.03333333,22.95
23525,Stusvik,Norway,North Sea; North Atlantic Ocean,58.00444444,7.034166667
23485,Skudeneshavn,Norway,North Sea; North Atlantic Ocean,59.14333333,5.258333333
21670,Sortland,Norway,Norwegian Sea; North Atlantic Ocean,68.69694444,15.42194444
23680,Skien,Norway,Skagerrak; North Atlantic Ocean,59.19972222,9.603611111
20930,Sorvaer,Norway,Norwegian Sea; North Atlantic Ocean,70.62722222,21.96472222
21870,Stamsund,Norway,Norwegian Sea; North Atlantic Ocean,68.12111111,13.84888889
22350,Rognan,Norway,Norwegian Sea; North Atlantic Ocean,67.10861111,15.39777778
23500,Rekefjord,Norway,North Sea; North Atlantic Ocean,58.32583333,6.258333333
23487,Tananger,Norway,North Sea; North Atlantic Ocean,58.93,5.570833333
23330,Sagvag,Norway,North Sea; North Atlantic Ocean,59.77166667,5.378888889
24280,Simrishamn,Sweden,Baltic Sea; North Atlantic Ocean,55.55833333,14.35805556
62840,Rabocheostrovsk,Russia,White Sea; Barents Sea; Arctic Ocean,64.99166667,34.79527778
62810,Severodvinsk,Russia,White Sea; Barents Sea; Arctic Ocean,64.57722222,39.77305556
62910,Ostrovnoy Gremikha,Russia,Barents Sea; Arctic Ocean,68.05833333,39.52555556
62670,Tiksi,Russia,Laptev Sea; Arctic Ocean,71.64444444,128.8905556
62635,Port Beringovsky,Russia,Anadyrskiy Zaliv; Bering Sea; North Pacific Ocean,63.06305556,179.3675
62695,Port Dikson,Russia,Kara Sea; Arctic Ocean,73.50638889,80.50611111
62640,Provideniya,Russia,Anadyrskiy Zaliv; Bering Sea; North Pacific Ocean,64.42111111,-173.2275
24250,Trelleborg,Sweden,Baltic Sea; North Atlantic Ocean,55.36,13.15055556
20500,Coppermine,Canada,Northwest Passages; Arctic Ocean,67.83,-115.0963889
23670,Porsgrunn,Norway,Skagerrak; North Atlantic Ocean,59.14722222,9.653888889
1340,Goose Bay,Canada,Labrador Sea; North Atlantic Ocean,53.366667,-60.3
24020,Goteborg,Sweden,Kattegat; North Atlantic Ocean,57.70972222,11.95472222
1470,Baie Verte,Canada,North Atlantic Ocean,49.91666667,-56.2
1420,St Anthony,Canada,North Atlantic Ocean,51.36666667,-55.56666667
1591,Carmanville,Canada,North Atlantic Ocean,49.4,-54.26666667
1090,Churchill,Canada,Hudson Bay; Arctic Ocean,58.78333333,-94.2
1500,Springdale,Canada,North Atlantic Ocean,49.5,-56.06666667
1450,Roddickton,Canada,North Atlantic Ocean,50.86666667,-56.13333333
1560,Lewisporte,Canada,North Atlantic Ocean,49.25,-55.05
1150,Deception Bay,Canada,Hudson Strait; Arctic Ocean,62.15,-74.68333333
1260,Nain,Canada,Labrador Sea; North Atlantic Ocean,56.55,-61.68333333
1540,Botwood,Canada,North Atlantic Ocean,49.13333333,-55.33333333
1570,Twillingate,Canada,North Atlantic Ocean,49.65,-54.76666667
29670,Bandholm,Denmark,Baltic Sea; North Atlantic Ocean,54.833333,11.5
28930,Kiel,Germany,Baltic Sea; North Atlantic Ocean,54.316667,10.133333
29555,Naestved,Denmark,Baltic Sea; North Atlantic Ocean,55.233333,11.75
29700,Nakskov,Denmark,Baltic Sea; North Atlantic Ocean,54.833333,11.133333
28848,Stralsund,Germany,Baltic Sea; North Atlantic Ocean,54.316667,13.1
29530,Skaelskor,Denmark,Baltic Sea; North Atlantic Ocean,55.25,11.3
940,Kajalleq Upernavik,Greenland,Baffin Bay; Arctic Ocean,72.15,-55.533333
280,Dalvik,Iceland,Greenland Sea; Arctic Ocean,65.983333,-18.516667
29490,Kalundborg,Denmark,Kattegat; North Atlantic Ocean,55.683333,11.1
420,Neskaupstadur,Iceland,Norwegian Sea; North Atlantic Ocean,65.15,-13.683333
28890,Lubeck,Germany,Baltic Sea; North Atlantic Ocean,53.883333,10.7
30160,Kolding,Denmark,Kattegat; North Atlantic Ocean,55.483333,9.5
28870,Wismar,Germany,Baltic Sea; North Atlantic Ocean,53.9,11.466667
28620,Ventspils,Latvia,Baltic Sea; North Atlantic Ocean,57.4,21.533333
28920,Heiligenhafen,Germany,Baltic Sea; North Atlantic Ocean,54.366667,10.983333
24790,Degerhamn,Sweden,Baltic Sea; North Atlantic Ocean,56.35,16.416667
29830,Svendborg,Denmark,Baltic Sea; North Atlantic Ocean,55.066667,10.616667
28640,Liepaja,Latvia,Baltic Sea; North Atlantic Ocean,56.516667,21.016667
28950,Eckernforde,Germany,Baltic Sea; North Atlantic Ocean,54.483333,9.833333
30060,Sonderborg,Denmark,Baltic Sea; North Atlantic Ocean,54.916667,9.783333
605,Gronnedal (Kangilinnguit),Greenland,Labrador Sea; North Atlantic Ocean,61.233333,-48.1
28654,Butinge Oil Terminal,Lithuania,Baltic Sea; North Atlantic Ocean,56.033333,20.95
105,Grundartangi,Iceland,North Atlantic Ocean,64.266667,-22
100,Reykjavik,Iceland,North Atlantic Ocean,64.15,-21.933333
810,Illulissat (Jakobshavn),Greenland,Baffin Bay; Arctic Ocean,69.216667,-51.1
29790,Marstal,Denmark,Baltic Sea; North Atlantic Ocean,54.916667,10.333333
760,Aasiaat,Greenland,Baffin Bay; Arctic Ocean,68.71083333,-52.86833333
29005,Flensburg,Germany,Baltic Sea; North Atlantic Ocean,54.8,9.433333
29930,Assens,Denmark,Baltic Sea; North Atlantic Ocean,55.266667,9.883333
29910,Middelfart,Denmark,Kattegat; North Atlantic Ocean,55.5,9.733333
28530,Roomassaare,Estonia,Gulf of Riga; Baltic Sea; North Atlantic Ocean,58.21504,22.50695
29630,Nykobing,Denmark,Baltic Sea; North Atlantic Ocean,54.766667,11.866667
480,Hornafjordur,Iceland,North Atlantic Ocean,64.25,-15.233333
840,Qeqertarsuaq,Greenland,Baffin Bay; Arctic Ocean,69.233333,-53.533333
80,Hafnarfjordur,Iceland,North Atlantic Ocean,64.066667,-21.95
30120,Haderslev,Denmark,Baltic Sea; North Atlantic Ocean,55.25,9.5
28840,Sassnitz,Germany,Baltic Sea; North Atlantic Ocean,54.516667,13.65
28860,Rostock,Germany,Baltic Sea; North Atlantic Ocean,54.1,12.133333
28660,Klaipeda,Lithuania,Baltic Sea; North Atlantic Ocean,55.716667,21.116667
29760,Rudkobing,Denmark,Baltic Sea; North Atlantic Ocean,54.95,10.716667
28605,Salacgriva,Latvia,Gulf of Riga; Baltic Sea; North Atlantic Ocean,57.7,24.366667
29880,Odense,Denmark,Kattegat; North Atlantic Ocean,55.416667,10.383333
29940,Faborg,Denmark,Baltic Sea; North Atlantic Ocean,55.1,10.25
29230,Kobenhavn,Denmark,Baltic Sea; North Atlantic Ocean,55.7,12.616667
170,Thingeyri,Iceland,Denmark Strait; North Atlantic Ocean,65.883333,-23.483333
29860,Nyborg,Denmark,Baltic Sea; North Atlantic Ocean,55.316667,10.8
29870,Kerteminde,Denmark,Kattegat; North Atlantic Ocean,55.45,10.666667
640,Nuuk,Greenland,Labrador Sea; North Atlantic Ocean,64.183333,-51.75
28955,Kappeln,Germany,Baltic Sea; North Atlantic Ocean,54.666667,9.933333
310,Akureyri,Iceland,Greenland Sea; Arctic Ocean,65.683333,-18.083333
29110,Ronne,Denmark,Baltic Sea; North Atlantic Ocean,55.1,14.7
250,Saudarkrokur,Iceland,Greenland Sea; Arctic Ocean,65.75,-19.666667
190,Isafjordur,Iceland,Denmark Strait; North Atlantic Ocean,66.066667,-23.116667
24690,Oskarshamn,Sweden,Baltic Sea; North Atlantic Ocean,57.266667,16.45
30190,Vejle,Denmark,Kattegat; North Atlantic Ocean,55.716667,9.55
185,Bolungarvik,Iceland,Denmark Strait; North Atlantic Ocean,66.166667,-23.233333
560,Nanortalik Havn,Greenland,Labrador Sea; North Atlantic Ocean,60.116667,-45.2
690,Sisimiut,Greenland,Davis Strait; North Atlantic Ocean,66.916667,-53.7
260,Siglufjorhurd,Iceland,Greenland Sea; Arctic Ocean,66.15,-18.916667
585,Narsaq,Greenland,Labrador Sea; North Atlantic Ocean,60.916667,-46.05
430,Eskifjordhur,Iceland,North Atlantic Ocean,65.066667,-14.016667
670,Maniitsoq,Greenland,Labrador Sea; North Atlantic Ocean,65.416667,-52.916667
320,Husavik,Iceland,Greenland Sea; Arctic Ocean,66.033333,-17.333333
160,Bildudalur,Iceland,Denmark Strait; North Atlantic Ocean,65.683333,-23.6
70,Keflavik,Iceland,North Atlantic Ocean,64,-22.55
10050,Santa Lucia,Cuba,Gulf of Mexico; North Atlantic Ocean,22.66666667,-83.96666667
10962,Manzanillo,Dominican Republic,North Atlantic Ocean,19.71666667,-71.75
9930,Freeport,Bermuda,North Atlantic Ocean,32.31666667,-64.83333333
10190,Vita,Cuba,North Atlantic Ocean,21.1,-75.96666667
10030,Providenciales,Turks and Caicos Islands,North Atlantic Ocean,21.73333333,-72.28333333
11410,Charlestown,Saint Kitts and Nevis,Caribbean Sea; North Atlantic Ocean,17.133333,-62.633333
10370,Santiago De Cuba,Cuba,Caribbean Sea; North Atlantic Ocean,20.016667,-75.833333
23950,Brofjorden,Sweden,Skagerrak; North Atlantic Ocean,58.36027778,11.42111111
30230,Horsens,Denmark,Kattegat; North Atlantic Ocean,55.866667,9.85
24050,Halmstad,Sweden,Kattegat; North Atlantic Ocean,56.666667,12.866667
23600,Arendal,Norway,Skagerrak; North Atlantic Ocean,58.45388889,8.776944444
24030,Varberg,Sweden,Kattegat; North Atlantic Ocean,57.10888889,12.2325
30285,Studstrup,Denmark,Kattegat; North Atlantic Ocean,56.25,10.35
10772,Port Esquivel,Jamaica,Caribbean Sea; North Atlantic Ocean,17.883333,-77.133333
10320,Puerto Guantanamo,Cuba,Caribbean Sea; North Atlantic Ocean,19.983333,-75.133333
23700,Larvik,Norway,Skagerrak; North Atlantic Ocean,59.03805556,10.03111111
23750,Horten,Norway,Skagerrak; North Atlantic Ocean,59.416667,10.5
30330,Randers,Denmark,Kattegat; North Atlantic Ocean,56.466667,10.05
11400,Basseterre,Saint Kitts and Nevis,Caribbean Sea; North Atlantic Ocean,17.3,-62.716667
30260,Arhus,Denmark,Kattegat; North Atlantic Ocean,56.15,10.216667
47720,Port Louis,Mauritius,Indian Ocean,-20.15,57.5
10260,Nicaro,Cuba,North Atlantic Ocean,20.716667,-75.55
23830,Moss,Norway,Skagerrak; North Atlantic Ocean,59.44055556,10.65527778
23780,Drammen,Norway,Skagerrak; North Atlantic Ocean,59.733333,10.25
23990,Uddevalla,Sweden,Kattegat; North Atlantic Ocean,58.33472222,11.8775
10025,Cockburn Harbor,Turks and Caicos Islands,North Atlantic Ocean,21.5,-71.533333
23710,Sandefjorden,Norway,Skagerrak; North Atlantic Ocean,59.10055556,10.23305556
53655,Botany Bay,Australia,Tasman Sea; South Pacific Ocean,-34,151.233333
11010,Sanchez,Dominican Republic,North Atlantic Ocean,19.233333,-69.616667
53405,Hay Point,Australia,Coral Sea; South Pacific Ocean,-21.283333,149.3
9960,Hamilton,Bermuda,North Atlantic Ocean,32.3,-64.783333
23620,Tvedestrand,Norway,Skagerrak; North Atlantic Ocean,58.61166667,8.9425
11000,Santa Barbara De Samana,Dominican Republic,North Atlantic Ocean,19.2,-69.333333
10160,Puerto Padre,Cuba,North Atlantic Ocean,21.283333,-76.533333
30380,Hals,Denmark,Kattegat; North Atlantic Ocean,56.983333,10.316667
23720,Tonsberg,Norway,Skagerrak; North Atlantic Ocean,59.26222222,10.41
10280,Cayo Moa Grande,Cuba,North Atlantic Ocean,20.666667,-74.9
10630,Rio Bueno,Jamaica,Caribbean Sea; North Atlantic Ocean,18.466667,-77.466667
10020,Grand Turk,Turks and Caicos Islands,North Atlantic Ocean,21.433333,-71.15
30450,Hirtshals,Denmark,Skagerrak; North Atlantic Ocean,57.6,9.966667
30455,Hanstholm,Denmark,North Sea; North Atlantic Ocean,57.133333,8.6
30430,Frederikshavn,Denmark,Kattegat; North Atlantic Ocean,57.433333,10.55
23760,Holmestrand,Norway,Skagerrak; North Atlantic Ocean,59.49055556,10.32666667
11035,Andres (Andres Lng Terminal),Dominican Republic,Caribbean Sea; North Atlantic Ocean,18.433333,-69.633333
10585,Cayman Brac,Cayman Islands,Caribbean Sea; North Atlantic Ocean,19.75,-79.75
11620,Vieux Fort,Saint Lucia,Caribbean Sea; North Atlantic Ocean,13.716667,-60.966667
23810,Oslo,Norway,Skagerrak; North Atlantic Ocean,59.89805556,10.74555556
10120,Cardenas,Cuba,Straits of Florida; North Atlantic Ocean,23.05,-81.2
10610,Montego Bay,Jamaica,Caribbean Sea; North Atlantic Ocean,18.466667,-77.933333
23630,Risor,Norway,Skagerrak; North Atlantic Ocean,58.72194444,9.245277778
11390,Oranjestad,Caribbean Netherlands,Caribbean Sea; North Atlantic Ocean,17.483333,-62.983333
10550,Nueva Gerona,Cuba,Caribbean Sea; North Atlantic Ocean,21.916667,-82.8
53690,Port Kembla,Australia,Tasman Sea; South Pacific Ocean,-34.483333,150.916667
11075,Cabo Rojo,Dominican Republic,Caribbean Sea; North Atlantic Ocean,17.916667,-71.65
11690,Bridgetown,Barbados,North Atlantic Ocean,13.1,-59.633333
10775,Port Kaiser,Jamaica,Caribbean Sea; North Atlantic Ocean,17.866667,-77.6
10130,Isabela De Sagua,Cuba,Straits of Florida; North Atlantic Ocean,22.95,-80
10710,Port Antonio,Jamaica,Caribbean Sea; North Atlantic Ocean,18.183333,-76.45
10860,Miragoane,Haiti,Caribbean Sea; North Atlantic Ocean,18.45,-73.083333
30400,Alborg,Denmark,Kattegat; North Atlantic Ocean,57.05,9.933333
10230,Antilla,Cuba,North Atlantic Ocean,20.833333,-75.733333
23817,Fagerstrand,Norway,Skagerrak; North Atlantic Ocean,59.73305556,10.58472222
24040,Falkenberg,Sweden,Kattegat; North Atlantic Ocean,56.88166667,12.46611111
23640,Kragero,Norway,Skagerrak; North Atlantic Ocean,58.86361111,9.413055556
23970,Lysekil,Sweden,Skagerrak; North Atlantic Ocean,58.27138889,11.44416667
11380,Gustavia,Guadeloupe,Caribbean Sea; North Atlantic Ocean,17.9,-62.85
30290,Grenaa Havn,Denmark,Kattegat; North Atlantic Ocean,56.416667,10.933333
23550,Kristiansand,Norway,Skagerrak; North Atlantic Ocean,58.13888889,8.012777778
10110,Matanzas,Cuba,Straits of Florida; North Atlantic Ocean,23.05,-81.55
10600,Lucea,Jamaica,Caribbean Sea; North Atlantic Ocean,18.45,-78.166667
54030,Melbourne,Australia,Bass Strait; South Pacific Ocean,-37.833333,144.966667
53490,Brisbane,Australia,South Pacific Ocean,-27.466667,153.033333
11040,Santo Domingo,Dominican Republic,Caribbean Sea; North Atlantic Ocean,18.466667,-69.883333
10980,Puerto Plata,Dominican Republic,North Atlantic Ocean,19.8,-70.7
54140,Portland,Australia,Indian Ocean,-38.333333,141.6
10250,Felton,Cuba,North Atlantic Ocean,20.733333,-75.6
23850,Halden,Norway,Skagerrak; North Atlantic Ocean,59.116667,11.383333
10158,Manati,Cuba,North Atlantic Ocean,21.366667,-76.816667
11070,Santa Cruz De Barahona,Dominican Republic,Caribbean Sea; North Atlantic Ocean,18.2,-71.083333
23870,Stromstad,Sweden,Skagerrak; North Atlantic Ocean,58.933333,11.166667
10100,Bahai De La Habana,Cuba,Gulf of Mexico; North Atlantic Ocean,23.133333,-82.366667
30440,Skagen Havn,Denmark,Kattegat; North Atlantic Ocean,57.716667,10.6
23530,Mandal,Norway,North Sea; North Atlantic Ocean,58.016667,7.466667
23823,Tofte,Norway,Skagerrak; North Atlantic Ocean,59.54416667,10.57055556
54050,Geelong,Australia,Bass Strait; South Pacific Ocean,-38.15,144.366667
10270,Bahia De Sagua De Tanamo,Cuba,North Atlantic Ocean,20.683333,-75.333333
10770,Kingston,Jamaica,Caribbean Sea; North Atlantic Ocean,17.966667,-76.783333
53450,Gladstone,Australia,Coral Sea; South Pacific Ocean,-23.85,151.25
10930,Cap Haitien,Haiti,North Atlantic Ocean,19.766667,-72.2
10150,Nuevitas Bay,Cuba,North Atlantic Ocean,21.55,-77.266667
9985,Freeport,The Bahamas,North Atlantic Ocean,26.516667,-78.783333
10820,Jacmel,Haiti,Caribbean Sea; North Atlantic Ocean,18.233333,-72.533333
11370,Philipsburg,Sint Maarten,Caribbean Sea; North Atlantic Ocean,18.016667,-63.05
53400,Mackay,Australia,Coral Sea; South Pacific Ocean,-21.116667,149.216667
635,Faeringehavn,Greenland,Labrador Sea; North Atlantic Ocean,63.68333333,-51.51666667
11530,Portsmouth,Dominica,Caribbean Sea; North Atlantic Ocean,15.566667,-61.466667
30340,Hadsund,Denmark,Kattegat; North Atlantic Ocean,56.716667,10.116667
10880,Port Au Prince,Haiti,Caribbean Sea; North Atlantic Ocean,18.55,-72.35
10080,Cabanas,Cuba,Gulf of Mexico; North Atlantic Ocean,23,-82.966667
11520,Roseau,Dominica,Caribbean Sea; North Atlantic Ocean,15.3,-61.4
10580,Georgetown,Cayman Islands,Caribbean Sea; North Atlantic Ocean,19.3,-81.383333
23736,Slagenstangen,Norway,Skagerrak; North Atlantic Ocean,59.32777778,10.51944444
11350,Road Harbor,British Virgin Islands,Caribbean Sea; North Atlantic Ocean,18.416667,-64.616667
10460,Manzanillo,Cuba,Caribbean Sea; North Atlantic Ocean,20.35,-77.116667
9987,South Riding Point,The Bahamas,North Atlantic Ocean,26.616667,-78.216667
11630,Castries,Saint Lucia,Caribbean Sea; North Atlantic Ocean,14.016667,-61
53650,Sydney,Australia,Tasman Sea; South Pacific Ocean,-33.866667,151.2
53440,Port Alma,Australia,Coral Sea; South Pacific Ocean,-23.583333,150.85
10660,Ocho Rios,Jamaica,Caribbean Sea; North Atlantic Ocean,18.416667,-77.116667
10090,Mariel,Cuba,Gulf of Mexico; North Atlantic Ocean,22.983333,-82.75
24000,Stenungsund,Sweden,Kattegat; North Atlantic Ocean,58.07972222,11.8
10540,Cienfuegos,Cuba,Caribbean Sea; North Atlantic Ocean,22.15,-80.45
10530,Casilda,Cuba,Caribbean Sea; North Atlantic Ocean,21.75,-79.983333
53610,Newcastle,Australia,Tasman Sea; South Pacific Ocean,-32.916667,151.783333
11640,Kingstown,Saint Vincent and the Grenadines (Windward Islands),Caribbean Sea; North Atlantic Ocean,13.15,-61.233333
11020,La Romana,Dominican Republic,Caribbean Sea; North Atlantic Ocean,18.416667,-68.966667
9990,Nassau,The Bahamas,North Atlantic Ocean,25.083333,-77.35
10470,Guayabal,Cuba,Caribbean Sea; North Atlantic Ocean,20.7,-77.616667
40,Thorlakshofn,Iceland,North Atlantic Ocean,63.85,-21.36666667
230,Skagastrond,Iceland,Greenland Sea; Arctic Ocean,65.81666667,-20.31666667
340,Raufarhofn,Iceland,Greenland Sea; Arctic Ocean,66.45,-15.93333333
465,Djupivogur,Iceland,North Atlantic Ocean,64.66666667,-14.28333333
900,Uummannaq,Greenland,Baffin Bay; Arctic Ocean,70.66666667,-52.11666667
360,Vopnafjordur,Iceland,Norwegian Sea; North Atlantic Ocean,65.75,-14.81666667
350,Thorshofn,Iceland,Greenland Sea; Arctic Ocean,66.2,-15.33333333
400,Seydisfjordur,Iceland,Norwegian Sea; North Atlantic Ocean,65.26666667,-14
65,Grindavik,Iceland,North Atlantic Ocean,63.83333333,-22.43333333
315,Grenivik,Iceland,Greenland Sea; Arctic Ocean,65.95,-18.18333333
540,Ammassalik,Greenland,North Atlantic Ocean,65.61666667,-37.61666667
453,Faskrudsfjordur,Iceland,North Atlantic Ocean,64.91666667,-14.01666667
72,Helguvik,Iceland,North Atlantic Ocean,64.01666667,-22.55
210,Hvammstangi,Iceland,Greenland Sea; Arctic Ocean,65.4,-20.95
680,Soendre Stroemfjord,Greenland,Davis Strait; North Atlantic Ocean,66.95,-50.95
85,Kopavogur,Iceland,North Atlantic Ocean,64.11666667,-21.95
580,Qaqortoq,Greenland,Labrador Sea; North Atlantic Ocean,60.71666667,-46.03333333
155,Patreksfjordur,Iceland,Denmark Strait; North Atlantic Ocean,65.6,-24
270,Olafsfjordur,Iceland,Greenland Sea; Arctic Ocean,66.06666667,-18.65
125,Stykkisholmur,Iceland,North Atlantic Ocean,65.08333333,-22.73333333
48030,North Ain Sukhna Port,Egypt,Gulf of Suez; Red Sea; Indian Ocean,29.65,32.366667
10210,Banes,Cuba,North Atlantic Ocean,20.91666667,-75.71666667
10070,Bahia Honda,Cuba,Gulf of Mexico; North Atlantic Ocean,22.96666667,-83.16666667
10140,Caibarien,Cuba,North Atlantic Ocean,22.53333333,-79.46666667
10290,Baracoa,Cuba,North Atlantic Ocean,20.35,-74.5
10240,Preston,Cuba,North Atlantic Ocean,20.76666667,-75.65
10480,Santa Cruz del Sur,Cuba,Caribbean Sea; North Atlantic Ocean,20.7,-77.98333333
47946,Sawakin Harbor,Sudan,Red Sea; Indian Ocean,19.133333,37.35
10505,Palo Alto,Cuba,Caribbean Sea; North Atlantic Ocean,21.58333333,-78.96666667
47900,Mitsiwa Harbor,Eritrea,Red Sea; Indian Ocean,15.616667,39.466667
47880,Assab,Eritrea,Red Sea; Indian Ocean,13,42.75
16260,Moss,United States,North Pacific Ocean,36.8,-121.783333
29435,Kyndbyvaerkets,Denmark,Kattegat; North Atlantic Ocean,55.816667,11.883333
29390,Hundested Havn,Denmark,Kattegat; North Atlantic Ocean,55.966667,11.85
47980,Safaja,Egypt,Red Sea; Indian Ocean,26.733333,33.95
48090,Al Aqabah,Jordan,Gulf of Aqaba; Red Sea; Indian Ocean,29.516667,35
48045,El-Adabiya,Egypt,Gulf of Suez; Red Sea; Indian Ocean,29.866667,32.466667
48055,Ain Sukhna Terminal,Egypt,Gulf of Suez; Red Sea; Indian Ocean,29.583333,32.366667
47940,Port Sudan,Sudan,Red Sea; Indian Ocean,19.6,37.233333
18820,Port Alice,Canada,North Pacific Ocean,50.383333,-127.45
54810,Port Huon,Australia,South Pacific Ocean,-43.166667,146.983333
53300,Thursday Island,Australia,Torres Strait; South Pacific Ocean,-10.583333,142.216667
54870,Stanley,Australia,Bass Strait; South Pacific Ocean,-40.766667,145.283333
27080,Skelleftehamn,Sweden,Gulf of Bothnia; Baltic Sea; North Atlantic Ocean,64.683333,21.233333
26710,Kopmanholmen,Sweden,Gulf of Bothnia; Baltic Sea; North Atlantic Ocean,63.166667,18.583333
25440,Grisslehamn,Sweden,Baltic Sea; North Atlantic Ocean,60.1,18.816667
25480,Hargshamn,Sweden,Gulf of Bothnia; Baltic Sea; North Atlantic Ocean,60.183333,18.45
25760,Iggesund,Sweden,Gulf of Bothnia; Baltic Sea; North Atlantic Ocean,61.65,17.083333
25460,Hallstavik,Sweden,Gulf of Bothnia; Baltic Sea; North Atlantic Ocean,60.05,18.583333
25780,Hudiksvall,Sweden,Gulf of Bothnia; Baltic Sea; North Atlantic Ocean,61.733333,17.116667
25720,Soderhamn,Sweden,Gulf of Bothnia; Baltic Sea; North Atlantic Ocean,61.3,17.083333
18450,Campbell River,Canada,Alaska-Canada coastal waters; North Pacific Ocean,50.03244444,-125.2356667
15270,Guayaquil,Ecuador,South Pacific Ocean,-2.2,-79.883333
27670,Kaskinen,Finland,Gulf of Bothnia; Baltic Sea; North Atlantic Ocean,62.383333,21.233333
15290,La Libertad,Ecuador,South Pacific Ocean,-2.216667,-80.916667
15190,Talara,Peru,South Pacific Ocean,-4.583333,-81.283333
54880,Burnie,Australia,Bass Strait; South Pacific Ocean,-41.05,145.95
53460,Bundaberg,Australia,Coral Sea; South Pacific Ocean,-24.866667,152.35
53340,Cairns,Australia,Coral Sea; South Pacific Ocean,-16.916667,145.783333
18792,Gold River,Canada,North Pacific Ocean,49.683333,-126.116667
53370,Lucinda,Australia,Coral Sea; South Pacific Ocean,-18.516667,146.333333
54830,Dover,Australia,South Pacific Ocean,-43.316667,147.033333
18840,Port Hardy,Canada,Alaska-Canada coastal waters; North Pacific Ocean,50.716667,-127.483333
18805,Tahsis,Canada,North Pacific Ocean,49.916667,-126.666667
54875,Port Latta,Australia,Bass Strait; South Pacific Ocean,-40.833333,145.383333
53380,Townsville,Australia,Coral Sea; South Pacific Ocean,-19.266667,146.816667
28400,Kronshtadt,Russia,Gulf of Finland; Baltic Sea; North Atlantic Ocean,59.983333,29.783333
25610,Norrsundet,Sweden,Gulf of Bothnia; Baltic Sea; North Atlantic Ocean,60.933333,17.166667
25570,Karskar,Sweden,Gulf of Bothnia; Baltic Sea; North Atlantic Ocean,60.683333,17.266667
26730,Ornskoldsvik,Sweden,Gulf of Bothnia; Baltic Sea; North Atlantic Ocean,63.283333,18.716667
27650,Vaasa,Finland,Gulf of Bothnia; Baltic Sea; North Atlantic Ocean,63.1,21.583333
27790,Uusikaupunki,Finland,Gulf of Bothnia; Baltic Sea; North Atlantic Ocean,60.8,21.4
28300,Vyborg,Russia,Gulf of Finland; Baltic Sea; North Atlantic Ocean,60.716667,28.75
25910,Sundsvall,Sweden,Gulf of Bothnia; Baltic Sea; North Atlantic Ocean,62.383333,17.35
28360,Primorsk,Russia,Gulf of Finland; Baltic Sea; North Atlantic Ocean,60.366667,28.633333
27190,Pitea,Sweden,Gulf of Bothnia; Baltic Sea; North Atlantic Ocean,65.316667,21.483333
53520,Ballina,Australia,Tasman Sea; South Pacific Ocean,-28.866667,153.566667
26240,Harnosand,Sweden,Gulf of Bothnia; Baltic Sea; North Atlantic Ocean,62.633333,17.933333
25550,Skutskar,Sweden,Gulf of Bothnia; Baltic Sea; North Atlantic Ocean,60.65,17.4
25640,Vallvik,Sweden,Gulf of Bothnia; Baltic Sea; North Atlantic Ocean,61.183333,17.166667
25590,Gavle,Sweden,Gulf of Bothnia; Baltic Sea; North Atlantic Ocean,60.683333,17.166667
27400,Tornio,Finland,Gulf of Bothnia; Baltic Sea; North Atlantic Ocean,65.766667,24.166667
26890,Umea Hamn,Sweden,Gulf of Bothnia; Baltic Sea; North Atlantic Ocean,63.7,20.35
54920,Devonport,Australia,Bass Strait; South Pacific Ocean,-41.183333,146.366667
48106,Duba,Saudi Arabia,Red Sea; Indian Ocean,27.566667,35.533333
48121,King Fahd Port,Saudi Arabia,Red Sea; Indian Ocean,23.95,38.216667
48140,Jiddah,Saudi Arabia,Red Sea; Indian Ocean,21.483333,39.183333
48142,Jizan,Saudi Arabia,Red Sea; Indian Ocean,16.9,42.483333
53360,Mourilyan Harbour,Australia,Coral Sea; South Pacific Ocean,-17.6,146.133333
53318,Cape Flattery Harbor,Australia,Coral Sea; South Pacific Ocean,-14.95,145.35
18872,Port Mcneill,Canada,Alaska-Canada coastal waters; North Pacific Ocean,50.583333,-127.083333
61910,Akita-Funakawa Ko,Japan,Sea of Japan; North Pacific Ocean,39.78138889,140.015
15140,Puerto Bayovar,Peru,South Pacific Ocean,-5.833333,-81.05
15170,Paita,Peru,South Pacific Ocean,-5.083333,-81.116667
15250,Puerto Bolivar,Ecuador,South Pacific Ocean,-3.266667,-80
28410,Ust Luga,Russia,Gulf of Finland; Baltic Sea; North Atlantic Ocean,59.666667,28.316667
27280,Karlsborg,Sweden,Gulf of Bothnia; Baltic Sea; North Atlantic Ocean,65.8,23.283333
27220,Lulea,Sweden,Gulf of Bothnia; Baltic Sea; North Atlantic Ocean,65.583333,22.166667
26800,Rundvik,Sweden,Gulf of Bothnia; Baltic Sea; North Atlantic Ocean,63.533333,19.45
28390,Lomonosov,Russia,Gulf of Finland; Baltic Sea; North Atlantic Ocean,59.916667,29.766667
8680,St Petersburg,United States,Gulf of Mexico; North Atlantic Ocean,27.766667,-82.616667
6020,Louisbourg,Canada,North Atlantic Ocean,45.916667,-59.966667
48120,Yanbu,Saudi Arabia,Red Sea; Indian Ocean,24.083333,38.05
48130,Rabigh,Saudi Arabia,Red Sea; Indian Ocean,22.733333,38.983333
60370,Yosu,South Korea,Korea Strait; North Pacific Ocean,34.733333,127.75
46135,Escravos Oil Terminal,Nigeria,Bight of Benin; Gulf of Guinea; North Atlantic Ocean,5.5,5
46180,Sea Eagle Terminal,Nigeria,Gulf of Guinea; North Atlantic Ocean,4.8,5.316667
46008,Espoir Marine Terminal,Cote D'Ivoire,North Atlantic Ocean,5.05,-4.45
45970,Baobab Marine Terminal,Cote D'Ivoire,North Atlantic Ocean,4.966667,-4.55
45963,San Pedro,Cote D'Ivoire,North Atlantic Ocean,4.737777778,-6.611111111
46070,Tema,Ghana,Gulf of Guinea; North Atlantic Ocean,5.631944444,0.015555556
46150,Sapele,Nigeria,Bight of Benin; Gulf of Guinea; North Atlantic Ocean,5.9,5.683333
48165,Al Ahmadi,Yemen,Red Sea; Indian Ocean,14.833333,42.966667
46140,Koko,Nigeria,Bight of Benin; Gulf of Guinea; North Atlantic Ocean,6,5.466667
48190,Aden,Yemen,Gulf of Aden; Indian Ocean,12.783333,44.95
45990,Port Bouet,Cote D'Ivoire,North Atlantic Ocean,5.233333,-3.966667
46170,Warri,Nigeria,Bight of Benin; Gulf of Guinea; North Atlantic Ocean,5.516667,5.733333
46165,Burutu,Nigeria,Bight of Benin; Gulf of Guinea; North Atlantic Ocean,5.35,5.5
46131,Tin Can Island,Nigeria,Bight of Benin; Gulf of Guinea; North Atlantic Ocean,6.35,3.35
46000,Abidjan,Cote D'Ivoire,North Atlantic Ocean,5.25,-4.016667
46160,Forcados,Nigeria,Bight of Benin; Gulf of Guinea; North Atlantic Ocean,5.366667,5.433333
46090,Lome,Togo,Bight of Benin; Gulf of Guinea; North Atlantic Ocean,6.133333,1.283333
46095,Kpeme,Togo,Bight of Benin; Gulf of Guinea; North Atlantic Ocean,6.2,1.516667
46171,Ukpokiti Marine Terminal,Nigeria,Bight of Benin; Gulf of Guinea; North Atlantic Ocean,5.733333333,4.833333333
46040,Takoradi,Ghana,Gulf of Guinea; North Atlantic Ocean,4.883333,-1.733333
46200,Pennington Oil Terminal,Nigeria,Gulf of Guinea; North Atlantic Ocean,4.25,5.616667
46110,Cotonou,Benin,Bight of Benin; Gulf of Guinea; North Atlantic Ocean,6.35,2.433333
46190,Brass Oil Terminal,Nigeria,Gulf of Guinea; North Atlantic Ocean,4.066667,6.283333
23470,Sandnes,Norway,North Sea; North Atlantic Ocean,58.87333333,5.752777778
23110,Molde,Norway,Norwegian Sea; North Atlantic Ocean,62.733333,7.166667
23125,Maloy,Norway,Norwegian Sea; North Atlantic Ocean,61.933333,5.116667
23138,Mongstad,Norway,North Sea; North Atlantic Ocean,60.83083333,5.036666667
48214,Rudum Terminal,Yemen,Gulf of Aden; Indian Ocean,13.983333,47.916667
48235,Duqm,Oman,Arabian Sea; Indian Ocean,19.67325258,57.71690892
23355,Husnes,Norway,North Sea; North Atlantic Ocean,59.8775,5.762222222
23130,Floro,Norway,Norwegian Sea; North Atlantic Ocean,61.60388889,5.030833333
47850,Djibouti,Djibouti,Gulf of Aden; Indian Ocean,11.6,43.133333
48210,Al Mukalla,Yemen,Gulf of Aden; Indian Ocean,14.516667,49.116667
22295,Lakselv,Norway,Norwegian Sea; North Atlantic Ocean,67.35777778,15.59222222
21970,Ulvik,Norway,Norwegian Sea; North Atlantic Ocean,68.56083333,16.23388889
23112,Hareid,Norway,Norwegian Sea; North Atlantic Ocean,62.37222222,6.035555556
48230,Mina Raysut,Oman,Arabian Sea; Indian Ocean,16.95111111,54.02916667
48216,Balhaf,Yemen,Gulf of Aden; Indian Ocean,13.966667,48.183333
48202,Ash Shihr Oil Terminal,Yemen,Gulf of Aden; Indian Ocean,14.7,49.48333333
48198,Nishtun,Yemen,Arabian Sea; Indian Ocean,15.816667,52.2
23340,Leirvik,Norway,North Sea; North Atlantic Ocean,59.75833333,5.496666667
23160,Bergen,Norway,North Sea; North Atlantic Ocean,60.40277778,5.298611111
47855,Doraleh,Djibouti,Gulf of Aden; Indian Ocean,11.6,43.083333
5680,Shediac Harbor,Canada,Gulf of Saint Lawrence; North Atlantic Ocean,46.21666667,-64.53333333
1989,Cap des Mechins,Canada,Gulf of Saint Lawrence; North Atlantic Ocean,49,-66.98333333
6290,Sheet Harbor,Canada,North Atlantic Ocean,44.9,-62.5
1980,Godbout,Canada,Gulf of Saint Lawrence; North Atlantic Ocean,49.31666667,-67.6
5702,Ile du Cap aux Meules,Canada,Gulf of Saint Lawrence; North Atlantic Ocean,47.38333333,-61.91666667
5542,Newport (Canada),Canada,Gulf of Saint Lawrence; North Atlantic Ocean,48.26666667,-64.75
1888,Natashquan,Canada,Gulf of Saint Lawrence; North Atlantic Ocean,50.08333333,-61.73333333
5942,St Anns Harbour,Canada,North Atlantic Ocean,46.28333333,-60.55
5890,Port Hood,Canada,Gulf of Saint Lawrence; North Atlantic Ocean,46,-61.55
6401,Riverport,Canada,North Atlantic Ocean,44.3,-64.33333333
6390,Lunenburg Harbour,Canada,North Atlantic Ocean,44.36666667,-64.3
2100,Tadoussac,Canada,Gulf of Saint Lawrence; North Atlantic Ocean,48.15,-69.71666667
5630,Miramichi,Canada,Gulf of Saint Lawrence; North Atlantic Ocean,47.01666667,-65.5
5930,Dingwall Harbor,Canada,North Atlantic Ocean,46.9,-60.46666667
5650,Richibucto Harbor,Canada,Gulf of Saint Lawrence; North Atlantic Ocean,46.68333333,-64.86666667
5999,Crawley Creek,Canada,North Atlantic Ocean,46.15,-60.22333333
5704,Havre de la Grande Entree,Canada,Gulf of Saint Lawrence; North Atlantic Ocean,47.58333333,-61.58333333
2155,La Malbaie,Canada,Gulf of Saint Lawrence; North Atlantic Ocean,47.63333333,-70.13333333
2145,Ile du Gros Cacouna,Canada,Gulf of Saint Lawrence; North Atlantic Ocean,47.93333333,-69.5
5590,Bathurst Harbour,Canada,Gulf of Saint Lawrence; North Atlantic Ocean,47.63333333,-65.63333333
6460,Yarmouth Harbor (Canada),Canada,North Atlantic Ocean,43.83333333,-66.11666667
6420,Lockeport Harbor,Canada,North Atlantic Ocean,43.7,-65.11666667
2080,Baie des Escoumins,Canada,Gulf of Saint Lawrence; North Atlantic Ocean,48.35082,-69.38917158
5950,Baddeck Harbour,Canada,North Atlantic Ocean,46.1,-60.75
6430,Shelburne Harbour,Canada,North Atlantic Ocean,43.75,-65.31666667
2152,St Simeon,Canada,Gulf of Saint Lawrence; North Atlantic Ocean,47.83333333,-69.86666667
5700,Havre Aubert,Canada,Gulf of Saint Lawrence; North Atlantic Ocean,47.23333333,-61.83333333
5780,Pugwash Harbour,Canada,Gulf of Saint Lawrence; North Atlantic Ocean,45.85,-63.66666667
1900,Mingan Harbor,Canada,Gulf of Saint Lawrence; North Atlantic Ocean,50.28333333,-64.01666667
2160,Portneuf,Canada,Gulf of Saint Lawrence; North Atlantic Ocean,46.68333333,-71.88333333
6044,Arichat Harbour,Canada,North Atlantic Ocean,45.51666667,-61.01666667
5585,Belledune Harbor,Canada,Gulf of Saint Lawrence; North Atlantic Ocean,47.9,-65.83333333
1910,Port Menier,Canada,Gulf of Saint Lawrence; North Atlantic Ocean,49.81666667,-64.35
2173,Pointe des Roches,Canada,Gulf of Saint Lawrence; North Atlantic Ocean,47.41666667,-70.4
5730,Souris Harbour,Canada,Gulf of Saint Lawrence; North Atlantic Ocean,46.35,-62.25
5540,Chandler,Canada,Gulf of Saint Lawrence; North Atlantic Ocean,48.35,-64.66666667
55840,Papeete,French Polynesia,South Pacific Ocean,-17.533333,-149.583333
49640,Bassein,Burma,Andaman Sea; Indian Ocean,16.78333333,94.73333333
48259,Khawr Khasab,Oman,Strait of Hormuz; Indian Ocean,26.216667,56.233333
48520,Bandar Abbas,Iran,Strait of Hormuz; Indian Ocean,27.15,56.2
55740,Avatiu,Cook Islands,South Pacific Ocean,-21.2,-159.783333
48550,Chah Bahar,Iran,Gulf of Oman; Indian Ocean,25.266667,60.616667
49720,Port Blair,India,Andaman Sea; Indian Ocean,11.67777778,92.73333333
49650,Rangoon,Burma,Andaman Sea; Indian Ocean,16.766667,96.166667
49660,Moulmein Harbor,Burma,Andaman Sea; Indian Ocean,16.483333,97.616667
48268,Mubarraz Oil Terminal,United Arab Emirates,Persian Gulf; Indian Ocean,24.433333,53.516667
48590,Gwadar,Pakistan,Arabian Sea; Indian Ocean,25.133333,62.3
2555,Port de Valleyfield,Canada,Lake Ontario; Great Lakes,45.21666667,-74.1
9540,Puerto Morelos,Mexico,Caribbean Sea; North Atlantic Ocean,20.85,-86.88333333
9510.1,Puerto Progreso,Mexico,Gulf of Mexico; North Atlantic Ocean,21.35,-89.68333333
9548,Punta Venado,Mexico,Caribbean Sea; North Atlantic Ocean,20.56666667,-87.13333333
9570,Puerto Costa Maya,Mexico,Caribbean Sea; North Atlantic Ocean,18.73333333,-87.68333333
9360,Tampico,Mexico,Gulf of Mexico; North Atlantic Ocean,22.216667,-97.866667
9500,Campeche,Mexico,Gulf of Mexico; North Atlantic Ocean,19.85,-90.55
9355,Altamira,Mexico,Gulf of Mexico; North Atlantic Ocean,22.483333,-97.85
9440,Frontera,Mexico,Gulf of Mexico; North Atlantic Ocean,18.533333,-92.65
54565,Cape Cuvier,Australia,Indian Ocean,-24.216667,113.383333
54671,Milner Bay,Australia,Gulf of Carpentaria; Arafura Sea; South Pacific Ocean,-13.866667,136.416667
54672,Weipa,Australia,Gulf of Carpentaria; Arafura Sea; South Pacific Ocean,-12.666667,141.866667
54670,Darwin,Australia,Timor Sea; Indian Ocean,-12.47138889,130.8477778
9590,Belize City,Belize,Caribbean Sea; North Atlantic Ocean,17.5,-88.183333
9395,Cayo Arcas Terminal,Mexico,Gulf of Mexico; North Atlantic Ocean,20.166667,-91.983333
9490,Ciudad Del Carmen,Mexico,Gulf of Mexico; North Atlantic Ocean,18.633333,-91.866667
9620,Puerto Barrios,Guatemala,Caribbean Sea; North Atlantic Ocean,15.733333,-88.6
54580,Onslow,Australia,Indian Ocean,-21.65,115.1
54600,Port Walcott,Australia,Indian Ocean,-20.65,117.183333
54605,Dampier,Australia,Indian Ocean,-20.633333,116.716667
9370,Tuxpan,Mexico,Gulf of Mexico; North Atlantic Ocean,20.95,-97.4
9625,Santo Tomas De Castilla,Guatemala,Caribbean Sea; North Atlantic Ocean,15.7,-88.616667
9650,Puerto Cortes,Honduras,Caribbean Sea; North Atlantic Ocean,15.833333,-87.95
9380,Veracruz,Mexico,Gulf of Mexico; North Atlantic Ocean,19.2,-96.133333
9690,Puerto Castilla,Honduras,Caribbean Sea; North Atlantic Ocean,16,-85.983333
54675,Gove,Australia,Arafura Sea; South Pacific Ocean,-12.2,136.7
54690,Karumba,Australia,Gulf of Carpentaria; Arafura Sea; South Pacific Ocean,-17.483333,140.833333
54660,Wyndham,Australia,Joseph Bonaparte Gulf; Timor Sea; Indian Ocean,-15.466667,128.1
9410,Nanchital,Mexico,Gulf of Mexico; North Atlantic Ocean,18.066667,-94.416667
9670,La Ceiba,Honduras,Caribbean Sea; North Atlantic Ocean,15.783333,-86.8
9660,Tela,Honduras,Caribbean Sea; North Atlantic Ocean,15.783333,-87.45
9405,Coatzacoalcos,Mexico,Gulf of Mexico; North Atlantic Ocean,18.15,-94.416667
49730,Victoria Point Harbor,Burma,Andaman Sea; Indian Ocean,9.983333333,98.55
1860,Old Ferolle Harbor,Canada,Gulf of Saint Lawrence; North Atlantic Ocean,51.08333333,-56.88333333
1862,St. Barbe Harbor,Canada,Gulf of Saint Lawrence; North Atlantic Ocean,51.2,-56.76666667
9855,Punta Rincon,Panama,Caribbean Sea; North Atlantic Ocean,9.016666667,-80.7
9768,San Andres Island,Colombia,Caribbean Sea; North Atlantic Ocean,12.56666667,-81.7
9760,Puerto Cabezas,Nicaragua,Caribbean Sea; North Atlantic Ocean,14.016667,-83.383333
9769,El Bluff,Nicaragua,Caribbean Sea; North Atlantic Ocean,12,-83.7
9805,Puerto Moin,Costa Rica,Caribbean Sea; North Atlantic Ocean,10,-83.083333
9830,Almirante,Panama,Caribbean Sea; North Atlantic Ocean,9.3,-82.4
9598,Big Creek,Belize,Caribbean Sea; North Atlantic Ocean,16.51666667,-88.4
9810,Puerto Limon,Costa Rica,Caribbean Sea; North Atlantic Ocean,9.983333,-83.016667
9840,Bocas Del Toro,Panama,Caribbean Sea; North Atlantic Ocean,9.333333,-82.233333
9675,Coxen Hole,Honduras,Caribbean Sea; North Atlantic Ocean,16.316667,-86.55
9825,Chiriqui Grande,Panama,Caribbean Sea; North Atlantic Ocean,8.95,-82.116667
9770,Bluefields,Nicaragua,Caribbean Sea; North Atlantic Ocean,12.016667,-83.75
1850,Port Saunders,Canada,Gulf of Saint Lawrence; North Atlantic Ocean,50.65,-57.28333333
1789,Great Jervis Harbor,Canada,North Atlantic Ocean,47.65,-56.18333333
1853,Hawkes Habor,Canada,Gulf of Saint Lawrence; North Atlantic Ocean,50.61666667,-57.3
44340,Poti,Georgia,Black Sea; North Atlantic Ocean,42.15,41.583333
43572,Tulcea,Romania,Black Sea; North Atlantic Ocean,45.166667,28.816667
43500,Burgas,Bulgaria,Black Sea; North Atlantic Ocean,42.483333,27.483333
1784,Fortune,Canada,North Atlantic Ocean,47.0732822,-55.83068712
43590,Braila,Romania,Black Sea; North Atlantic Ocean,45.25,27.983333
43600,Galati,Romania,Black Sea; North Atlantic Ocean,45.416667,28.083333
1020,Pond Inlet,Canada,Northwest Passages; Arctic Ocean,72.75,-76.75
44350,Batumi,Georgia,Black Sea; North Atlantic Ocean,41.65,41.65
1790,Burgeo,Canada,North Atlantic Ocean,47.61666667,-57.6
44345,Supsa Marine Terminal,Georgia,Black Sea; North Atlantic Ocean,42.1,41.716667
1830,Corner Brook,Canada,Gulf of Saint Lawrence; North Atlantic Ocean,48.95,-57.95
44320,Sokhumi,Georgia,Black Sea; North Atlantic Ocean,42.983333,40.983333
43510,Varna,Bulgaria,Black Sea; North Atlantic Ocean,43.183333,27.966667
1795,Port Aux Basques,Canada,North Atlantic Ocean,47.566667,-59.133333
1820,St George's,Canada,Gulf of Saint Lawrence; North Atlantic Ocean,48.45,-58.45
15550,Corinto,Nicaragua,North Pacific Ocean,12.483333,-87.166667
15660,Puerto Quetzal,Guatemala,North Pacific Ocean,13.916667,-90.8
15545,Puerto Sandino,Nicaragua,North Pacific Ocean,12.183333,-86.766667
48280,Hulaylah Oil Terminal,United Arab Emirates,Persian Gulf; Indian Ocean,25.983333,55.933333
51920,Kumai,Indonesia,Java Sea; South Pacific Ocean,-2.75,111.716667
51646,Kuala Belait,Brunei,South China Sea; North Pacific Ocean,4.633333,114.2
51020,Tegal,Indonesia,Java Sea; South Pacific Ocean,-6.85,109.133333
51583,Sarikei,Malaysia,South China Sea; North Pacific Ocean,2.133333,111.533333
51200,Panarukan,Indonesia,Bali Sea; Java Sea; South Pacific Ocean,-7.7,113.933333
51830,Senipah Oil Terminal,Indonesia,Makassar Strait; South Pacific Ocean,-0.95,117.166667
51585,Bintulu Port,Malaysia,South China Sea; North Pacific Ocean,3.266667,113.066667
51010,Cirebon,Indonesia,Java Sea; South Pacific Ocean,-6.716667,108.566667
51810,Benoa,Indonesia,Makassar Strait; South Pacific Ocean,0.983333,117.966667
52297,Parepare,Indonesia,Makassar Strait; South Pacific Ocean,-4,119.616667
51865,Tanah Merah,Indonesia,Makassar Strait; South Pacific Ocean,-1.816667,116.166667
48533,Bandar Taheri Offshore Terminal,Iran,Persian Gulf; Indian Ocean,27.65,52.35
48495,Bandar-E Shahid Reajie,Iran,Strait of Hormuz; Indian Ocean,27.1,56.066667
51590,Miri,Malaysia,South China Sea; North Pacific Ocean,4.383333,113.966667
51560,Kuching,Malaysia,South China Sea; North Pacific Ocean,1.566667,110.35
51635,Lumut,Brunei,South China Sea; North Pacific Ocean,4.716667,114.45
48475,Bandar-E Pars Terminal,Iran,Persian Gulf; Indian Ocean,27.533333,52.533333
48264,Mina Saqr,United Arab Emirates,Persian Gulf; Indian Ocean,25.983333,56.05
48480,Jazireh-Ye Lavan Oil Terminal,Iran,Persian Gulf; Indian Ocean,26.783333,53.333333
